program,python_experience,pandas_skill,os,hw0,env,dark_mode,languages,dob,waketime,sleep,favorite_movie,movie_genres,hobbies,num_languages,age
bachelor's (cs),2-4 years,1.0,MacOS,ğŸ˜,mamba/micromamba,True,"english, spanish, french, portuguese",2003-06-19,1900-01-01 07:30:00,7,parasite,"action, comedy, drama, mystery/thriller","soccer, chess, sleeping",4,21.0
bachelor's (am),1-2 years,3.0,MacOS,ğŸ˜,mamba/micromamba,False,"mandarin, cantonese, english",2003-01-20,1900-01-01 10:00:00,6,avengers: infinity war,"action, comedy, drama, sci-fi, fantasy, romance",,3,21.0
bachelor's (statistics),2-4 years,3.0,MacOS,ğŸ˜,mamba/micromamba,False,english,2002-07-02,1900-01-01 06:30:00,6,parental guidance,"action, comedy, drama, mystery/thriller, romance","watching sports, playing music, eating",1,22.0
ms/mba,1-2 years,2.0,MacOS,ğŸ˜,mamba/micromamba,True,english,1992-09-06,1900-01-01 06:45:00,7,lord of the rings,"action, drama, sci-fi, documentary","tennis, golf, sailing",1,32.0
bachelor's (am),Less than 1 year,2.0,MacOS,ğŸ˜±,mamba/micromamba,False,"english, spanish",2002-07-11,1900-01-01 09:00:00,6.5,the truman show,"action, comedy, sci-fi","music, swimming, writing",2,22.0
master's (cse),4+ years,4.0,MacOS,ğŸ˜,mamba/micromamba,True,"mandarin, english, spanish",2002-04-28,1900-01-01 08:30:00,8,interstellar,"action, comedy, sci-fi, fantasy, mystery/thriller, romance","dancing, swimming, bird watching",3,22.0
extension data science grad cert,1-2 years,2.0,MacOS,ğŸ§,conda,False,"french, english, russian, german",1995-06-04,1900-01-01 06:45:00,8,la haine,"comedy, drama, romance, documentary","running, reading, climbing ",4,29.0
bachelor's (neuroscience),Less than 1 year,1.0,MacOS,ğŸ˜…,i don't have a working local environment yet,True,"english, french, bengali, korean, asl",2003-05-21,1900-01-01 05:00:00,8,silence of the lambs,"action, mystery/thriller, documentary","learning languages, breeding fish, baking, hot yoga",5,21.0
ms/mba,4+ years,3.0,Linux,ğŸ§,other,True,english ,1998-03-18,1900-01-01 08:30:00,7,the terminal ,"action, comedy",film,1,26.0
bachelor's (statistics),1-2 years,3.0,MacOS,ğŸ§,mamba/micromamba,False,"english, spanish",2004-03-05,1900-01-01 08:00:00,7,,,,2,20.0
bachelor's (am),1-2 years,2.0,MacOS,ğŸ§,mamba/micromamba,False,engish,2003-04-24,1900-01-01 07:00:00,8.5,,"action, comedy, mystery/thriller, documentary","running, hiking, watching sports",1,21.0
master's (ds),2-4 years,2.0,MacOS,ğŸ˜,mamba/micromamba,True,"english, french",2001-10-31,1900-01-01 09:00:00,9,catch me if you can,"action, comedy, sci-fi","playing the piano, doing sports, eating",2,22.0
master's (ds),Less than 1 year,2.0,MacOS,ğŸ˜±,mamba/micromamba,False,"chinese, cantonese",2001-01-31,1900-01-01 06:30:00,7,flipped,"action, comedy, fantasy","jigsaw puzzle, watch talk show, travel",2,23.0
master's (ds),2-4 years,4.0,MacOS,ğŸ°,mamba/micromamba,False,"english, romanian",2001-09-15,1900-01-01 08:00:00,8,,"comedy, drama, mystery/thriller, romance","traveling, skiing, snorkeling",2,22.0
mpa/id,Less than 1 year,1.0,MacOS,ğŸ˜…,mamba/micromamba,True,"english, tagalog, spanish, french, mandarin",1992-12-19,1900-01-01 07:30:00,5,le premier jour du reste de ta vie,"comedy, drama, fantasy, romance","swimming, learning languages, tennis, cities:skylines, coffee",5,31.0
master's (ds),2-4 years,4.0,MacOS,ğŸ˜,mamba/micromamba,True,french german spanish chinese english,2004-10-02,1900-01-01 08:00:00,9,love actually,"comedy, drama, romance","scrapbooking, music (listening/playing) and watching netflix",1,19.0
bachelor's (statistics),Less than 1 year,1.0,MacOS,ğŸ§,mamba/micromamba,True,"hebrew, english, arabic",1998-12-01,1900-01-01 07:45:00,8,inglourious basterds,"action, comedy, documentary","backpacking, snowboarding, soccer",3,25.0
mpa,Less than 1 year,2.0,Windows,ğŸ˜…,mamba/micromamba,False,"chinese, english",1996-01-30,1900-01-01 08:00:00,7.8,titatic,sci-fi,"hiking, jogging, networking",2,28.0
bachelor's (cs),2-4 years,3.0,MacOS,ğŸ˜,mamba/micromamba,False,"english, shanghainese, mandarin, spanish",2003-06-02,1900-01-01 08:00:00,7,parasite,"action, drama, romance","piano, speedcubing, tennis",4,21.0
bachelor's (cs),1-2 years,3.0,MacOS,ğŸ§,mamba/micromamba,True,"english, spanish, chinese",2005-01-10,1900-01-01 08:55:00,7,the karate kid,,"playing soccer, throwing cards, eating",3,19.0
visiting undergraduate student,1-2 years,2.0,MacOS,ğŸ§,mamba/micromamba,True,"english, chinese",2004-02-06,1900-01-01 08:50:00,7,interstellar,sci-fi,"biking, swimming, playing the piano",2,20.0
master's (ds) [extension school],4+ years,4.0,MacOS,ğŸ˜,mamba/micromamba,False,"english, vietnamese, korean",1994-05-24,1900-01-01 09:00:00,9,,"action, comedy, drama, mystery/thriller, romance","traveling to korea, k-dramas, studying korean",3,30.0
master's (ds) [extension school],1-2 years,3.0,Windows,ğŸ§,conda,False,english and tagalog,1986-08-10,1900-01-01 08:00:00,8+,the matrix,"action, comedy, horror, sci-fi, fantasy, mystery/thriller, documentary","cooking, gym workouts and video games",1,38.0
bachelor's (cs),1-2 years,3.0,MacOS,ğŸ§,mamba/micromamba,True,"english, mandarin",2005-10-26,1900-01-01 10:00:00,7,forrest gump,"action, comedy, drama, mystery/thriller",playing chess,2,18.0
master's (ds) [extension school],2-4 years,3.0,MacOS,ğŸ°,conda,True,english,,1900-01-01 06:00:00,8,pulp fiction,"comedy, documentary","tennis,backgammon,reading",1,
bachelor's (cs),Less than 1 year,2.0,MacOS,ğŸ˜…,mamba/micromamba,True,korean,2002-09-26,1900-01-01 12:00:00,5,divergent,"drama, romance","tennis, pickleball, golf",1,21.0
bachelor's (cs),1-2 years,4.0,MacOS,ğŸ§,mamba/micromamba,False,"english, korean",2004-01-07,1900-01-01 08:00:00,7.5,a knightâ€™s tale,"action, comedy, sci-fi, fantasy","violin, reading, video games",2,20.0
bachelor's (statistics),1-2 years,3.0,MacOS,ğŸ§,mamba/micromamba,True,"spanish, chinese ",2005-07-20,1900-01-01 08:30:00,7,the emperors new groove,"drama, mystery/thriller, romance","eating, baking, sleeping",2,19.0
bachelor's (statistics),Less than 1 year,1.0,MacOS,ğŸ˜…,mamba/micromamba,False,"english, korean",2001-12-13,1900-01-01 05:22:00,6.5,"everything everywhere all at once, it's a wonderful life",documentary,"swimming, surfing, piano",2,22.0
master's (ds),4+ years,5.0,Windows,ğŸ˜±,conda,False,english,2002-02-20,1900-01-01 05:30:00,8,,"action, comedy, sci-fi, mystery/thriller",,1,22.0
phd,2-4 years,2.0,Windows,ğŸ°,mamba/micromamba,True,english,2002-05-25,1900-01-01 09:00:00,8,rush hour,"action, comedy",,1,22.0
bachelor's (am),1-2 years,2.0,MacOS,ğŸ˜…,mamba/micromamba,True,"english, french, chinese",2004-06-28,1900-01-01 08:00:00,6,inception,"action, comedy, horror, mystery/thriller, romance","playing cello, dancing, walking outside",3,20.0
master's (cse),Less than 1 year,3.0,MacOS,ğŸ§,mamba/micromamba,False,"japanese, english",1981-10-24,1900-01-01 06:00:00,6,jurassic park ,"action, sci-fi, documentary","numismatics, making unity games",2,42.0
master's (ds),2-4 years,4.0,MacOS,ğŸ˜,conda,False,chinese,2002-03-31,1900-01-01 09:00:00,8,,"comedy, drama","doing sports, playing the piano, hiking",1,22.0
bachelor's (cs),4+ years,1.0,Linux,ğŸ°,mamba/micromamba,True,"english, arabic",2002-09-03,1900-01-01 08:00:00,7,v for vendetta,"action, comedy, sci-fi, fantasy, mystery/thriller, documentary","programming, reading, movies",2,22.0
master's (ds),1-2 years,1.0,MacOS,ğŸ˜,conda,True,english,1997-04-30,1900-01-01 07:00:00,8.5,the truman show,"action, comedy, drama, sci-fi, fantasy, mystery/thriller, romance, documentary","running, cooking, traveling ",1,27.0
master's (ds),4+ years,4.0,MacOS,ğŸ§,mamba/micromamba,False,"english, estonian",,1900-01-01 05:00:00,7,the big lebowski,"action, comedy, drama","video games, working out",2,
master's (ds),Less than 1 year,2.0,MacOS,ğŸ§,mamba/micromamba,True,"english, french, german, chinese",2001-03-27,1900-01-01 09:00:00,8.5,clueless,"comedy, romance","tennis, yoga, rewatching sitcoms",4,23.0
phd,Less than 1 year,1.0,MacOS,ğŸ§,conda,True,"chinese, english",1999-03-04,1900-01-01 09:00:00,8,life matters,documentary,"fishing, reading fictions, playing computer games",2,25.0
bachelor's (dce),Less than 1 year,1.0,Windows,ğŸ°,mamba/micromamba,True,"english, chinese",1997-12-12,1900-01-01 06:30:00,7,the dreamers,"comedy, mystery/thriller, romance","painting, swiming, traveling",2,26.0
ms/mba,Less than 1 year,2.0,Windows,ğŸ˜±,mamba/micromamba,True,"english, spanish",1993-06-23,1900-01-01 07:00:00,7,my cousin vinny,"action, comedy, documentary","cycling, golf, hiking",2,31.0
bachelor's (cs),1-2 years,3.0,MacOS,ğŸ˜…,mamba/micromamba,True,english,2003-07-24,1900-01-01 07:00:00,7,white chicks,romance,"reading, running, watching tv",1,21.0
master's (ds) [extension school],Less than 1 year,1.0,MacOS,ğŸ˜…,venv,True,"hindi, punjabi, urdu, french, english",1992-10-21,1900-01-01 06:30:00,4,goodfellas,"comedy, drama, mystery/thriller","bhangra, binge watching reality tv, running",5,31.0
bachelor's (cs),2-4 years,2.0,Windows,ğŸ˜,mamba/micromamba,False,"english, mandarin chinese",2003-07-21,1900-01-01 09:00:00,7,after life (1998),"comedy, drama, romance","watching sitcoms, dancing, video games",2,21.0
bachelor's (am),1-2 years,3.0,MacOS,ğŸ§,mamba/micromamba,True,"english, chinese, spanish",2003-04-09,1900-01-01 08:00:00,6,shawshank redemption,"action, comedy, drama, sci-fi, mystery/thriller","running, reading, skiing",3,21.0
bachelor's (cs),1-2 years,2.0,MacOS,ğŸ˜…,mamba/micromamba,True,"english, chinese",2004-08-06,1900-01-01 06:27:00,7.5,disney descendants,"action, comedy, sci-fi, romance, documentary","skiing, reading, watching movies",2,20.0
master's (mde),Less than 1 year,1.0,MacOS,ğŸ˜…,mamba/micromamba,True,"english, spanish, chinese",1996-10-24,1900-01-01 08:00:00,8,devil wears prada,"comedy, romance","working out, cooking, board games",3,27.0
bachelor's (cs),1-2 years,3.0,MacOS,ğŸ˜,mamba/micromamba,False,english,2004-06-30,1900-01-01 08:00:00,6-7,magnolia,"drama, sci-fi, fantasy, mystery/thriller, romance, documentary","flying planes, motorcycling, writing",1,20.0
phd,1-2 years,2.0,MacOS,ğŸ§,mamba/micromamba,False,"english, french",2002-05-11,1900-01-01 08:00:00,8,bridesmaids,"comedy, horror, romance","painting, drinking coffee, going to museums",2,22.0
bachelor's (cs),Less than 1 year,1.0,Windows,ğŸ§,i don't have a working local environment yet,False,"chinese, english",2003-09-15,1900-01-01 08:30:00,8,ratatouille,"comedy, romance","reading romance novels, bell ringing, baking",2,20.0
bachelor's (statistics),Less than 1 year,1.0,MacOS,ğŸ§,mamba/micromamba,False,"english, spanish",2003-11-28,1900-01-01 10:00:00,10,white house down,"action, comedy, romance","legos, painting, netflix",2,20.0
master's (mde),2-4 years,3.0,Windows,ğŸ°,mamba/micromamba,True,english,2000-01-22,1900-01-01 07:30:00,8,interstellar,"comedy, sci-fi, mystery/thriller, documentary","hiking, reading, working out",1,24.0
phd,2-4 years,4.0,MacOS,ğŸ§,conda,False,korean,1997-10-12,1900-01-01 06:00:00,8,legally blonde,"action, comedy, drama, romance","making art, exploring museums, traveling",1,26.0
phd,4+ years,3.0,Windows,ğŸ§,i don't have a working local environment yet,True,"english, french, mandarin",1990-04-28,1900-01-01 07:00:00,8,the matrix,"action, sci-fi, documentary","piano, hiking, swim",3,34.0
master's (ds) [extension school],Less than 1 year,2.0,Windows,ğŸ§,conda,False,"chinese, english ",1988-06-05,1900-01-01 07:00:00,6,,"action, comedy, sci-fi, fantasy, documentary","art, music, traveling ",2,36.0
bachelor's (cs),4+ years,3.0,Windows,ğŸ°,conda,True,"english, chinese",2005-07-25,1900-01-01 10:00:00,8,the greatest showman,"action, comedy, drama, sci-fi, fantasy, mystery/thriller","ultimate frisbee, dance, watching netflix",2,19.0
master's (mde),Less than 1 year,2.0,MacOS,ğŸ˜…,mamba/micromamba,True,"spanish, english",1995-11-03,1900-01-01 07:40:00,6,the great beauty,drama,"playing the guitar, cooking, soccer",2,28.0
bachelor's (cs),4+ years,3.0,MacOS,ğŸ˜,mamba/micromamba,False,"english, french",2002-12-11,1900-01-01 08:00:00,8,10 things i hate about you,"comedy, drama, horror, romance","reading, working out",2,21.0
bachelor's (am),Less than 1 year,1.0,MacOS,ğŸ˜…,i don't have a working local environment yet,True,"english, mandarin",2004-07-08,1900-01-01 08:30:00,8,memento,"action, comedy, drama, horror, mystery/thriller","swimming, climbing, running",2,20.0
bachelor's (am),2-4 years,1.0,Windows,ğŸ˜…,mamba/micromamba,True,"english, french",2004-12-02,1900-01-01 11:00:00,7,,"comedy, drama, fantasy, romance, documentary","listening to music, doing my hair, eating food",2,19.0
bachelor's (am),Less than 1 year,1.0,MacOS,ğŸ˜±,conda,True,"spanish, english, french",2003-09-17,1900-01-01 08:00:00,6,the gentlemen,"action, comedy, drama, fantasy","playing squash, watching soccer, reading",3,20.0
bachelor's (am),1-2 years,3.0,MacOS,ğŸ˜,mamba/micromamba,True,"english, mandarin",2003-05-21,1900-01-01 07:45:00,7,fences,"action, drama, sci-fi, mystery/thriller, romance","gaming, reading, philosophy",2,21.0
master's (ds) [extension school],1-2 years,4.0,MacOS,ğŸ§,mamba/micromamba,False,english,1995-07-14,1900-01-01 07:00:00,7,,"comedy, drama, fantasy, mystery/thriller, romance, documentary","running, video games, drawing",1,29.0
bachelor's (statistics),1-2 years,2.0,MacOS,ğŸ§,mamba/micromamba,True,"english, nepali, hindi",2003-11-27,1900-01-01 07:00:00,6,,"comedy, mystery/thriller, romance","photography, running",3,20.0
master's (ds),4+ years,4.0,MacOS,ğŸ˜,pipenv,True,english,1996-05-11,1900-01-01 07:00:00,9,interstellar,"comedy, horror, romance","relaxing, chilling, taking it easy ",1,28.0
master's (ds),1-2 years,3.0,MacOS,ğŸ°,mamba/micromamba,True,englist,1999-06-01,1900-01-01 06:00:00,8,twilight,"comedy, sci-fi, documentary","running, hiking, sewing",1,25.0
bachelor's (economics),1-2 years,1.0,MacOS,ğŸ˜…,mamba/micromamba,True,english,2003-01-16,1900-01-01 07:30:00,7,forrest gump,"horror, mystery/thriller, romance, documentary","reading, photography, playing guitar",1,21.0
bachelor's (statistics),1-2 years,1.0,MacOS,ğŸ˜,mamba/micromamba,False,english,2003-06-05,1900-01-01 11:00:00,9,goonies,"horror, mystery/thriller","cello, singing, drawing",1,21.0
bachelor's (am),1-2 years,1.0,MacOS,ğŸ˜…,mamba/micromamba,False,"english, mandarin, spanish (a little)",2004-05-10,1900-01-01 07:30:00,6,the pianist,"action, comedy, drama, sci-fi, romance, documentary","cafe hopping, thrifting, running",3,20.0
bachelor's (cs),2-4 years,2.0,MacOS,ğŸ˜,mamba/micromamba,True,"bangla, englsih",,1900-01-01 05:30:00,5-6,avengers infinity war,"action, comedy, horror, sci-fi, fantasy, mystery/thriller, documentary","chess, photography, badminton",2,
bachelor's (cs),1-2 years,4.0,MacOS,ğŸ˜,mamba/micromamba,True,english,,1900-01-01 12:00:00,3,,,,1,
bachelor's (cs),2-4 years,3.0,MacOS,ğŸ˜,mamba/micromamba,True,python,2004-01-01,1900-01-01 08:00:00,6-7,harry potter,"action, comedy, drama, romance","crocheting, fencing, singing",1,20.0
bachelor's (environmental science and public policy) ,Less than 1 year,1.0,MacOS,ğŸ˜…,mamba/micromamba,True,"english, spanish, chinese",2003-06-01,1900-01-01 07:30:00,7,,"comedy, drama, romance, documentary","crochet, clarinet, dance",3,21.0
bachelor's (physics),1-2 years,1.0,Windows,ğŸ§,mamba/micromamba,True,english,2003-03-21,1900-01-01 08:00:00,7,lawrence of arabia,"comedy, drama, sci-fi, fantasy, mystery/thriller","playing spikeball, watching the sopranos, reading",1,21.0
bachelor's (am),Less than 1 year,1.0,MacOS,ğŸ§,mamba/micromamba,True,english,2002-10-04,1900-01-01 08:00:00,8,the interview,"action, comedy, drama, sci-fi","reading, tanning, drinking",1,21.0
master's (ds) [extension school],1-2 years,2.0,Windows,ğŸ˜,mamba/micromamba,False,"native english, fading proficiency in french, a little norwegian",1966-06-23,1900-01-01 06:30:00,7.5,"tie: amÃ©lie, the big lebowski","comedy, drama, sci-fi, romance, documentary","running, bread baking, native plant gardening",3,58.0
bachelor's (statistics),Less than 1 year,2.0,MacOS,ğŸ§,mamba/micromamba,False,"vietnamese, english",,1900-01-01 08:00:00,7,,"comedy, drama","reading, learning chinese, hanging out with friends",2,
master's (cse)]extension school],Less than 1 year,1.0,Windows,ğŸ˜…,mamba/micromamba,True,"english, japanese",1990-09-07,1900-01-01 08:30:00,6,princess bride,"action, comedy, drama, horror, sci-fi, fantasy, mystery/thriller, romance","collecting headphones, going on walks, video games",2,34.0
bachelor's (am),Less than 1 year,2.0,MacOS,ğŸ˜,mamba/micromamba,False,"english, spanish, french, mandarin",2003-08-18,1900-01-01 07:30:00,8,the big short,"action, comedy, drama, mystery/thriller, romance, documentary",running,4,21.0
master's (ds) [extension school],4+ years,3.0,Windows,ğŸ˜,mamba/micromamba,True,english,1996-06-27,1900-01-01 08:00:00,7,lord of the rings,"action, sci-fi, fantasy","reading, strategy games, swimming",1,28.0
master's (ds) [extension school],1-2 years,3.0,MacOS,ğŸ§,conda,True,"english, hindi, marathi",,1900-01-01 05:00:00,8,matrix ,"action, comedy, drama, sci-fi, fantasy, romance","hiking, cycling, wine testing",3,
master's (ds) [extension school],4+ years,4.0,MacOS,ğŸ˜,mamba/micromamba,True,"tamil, english",1983-03-01,1900-01-01 05:30:00,7,shawshank redemption,"action, drama, fantasy, documentary","baking, gardening, listening to podcasts",2,41.0
bachelor's (statistics),Less than 1 year,1.0,MacOS,ğŸ˜…,i don't have a working local environment yet,False,"english, chinese, arabic",2004-05-02,1900-01-01 06:00:00,7,rocky iv ,"action, comedy, sci-fi",,3,20.0
bachelors (neuroscience) ,1-2 years,3.0,MacOS,ğŸ§,conda,True,"spanish, english",2004-04-03,1900-01-01 07:00:00,7,,"action, comedy, drama, mystery/thriller, romance, documentary","dancing, tennis, eating",2,20.0
phd,4+ years,3.0,Linux,ğŸ˜,mamba/micromamba,True,"english, yiddish, german, russian, hebrew",1999-02-19,1900-01-01 07:00:00,7,sunset boulevard,"action, comedy, drama, sci-fi","playing mandolin, watching river monsters, jumping up and down",5,25.0
master's (ds) [extension school],1-2 years,3.0,Windows,ğŸ§,mamba/micromamba,False,"thai,english",1972-12-20,1900-01-01 05:00:00,6,avenger,"action, sci-fi, romance, documentary","gardening, traveling, doing 109a homework",1,51.0
bachelor's (am),Less than 1 year,1.0,MacOS,ğŸ§,mamba/micromamba,False,"english, vietnamese, chinese",2002-01-27,1900-01-01 07:00:00,6,interstellar,"action, comedy, sci-fi, fantasy, mystery/thriller, documentary","playing volleyball, running, reading",3,22.0
master's (ds) [extension school],1-2 years,4.0,Linux,ğŸ˜,mamba/micromamba,True,"english, punjabi, hindi",1986-01-10,1900-01-01 07:00:00,8,speed,"comedy, horror, mystery/thriller, documentary","traveling, reading, car racing",3,38.0
bachelor's (cs),1-2 years,3.0,Windows,ğŸ˜,mamba/micromamba,True,"english, mandarin",,1900-01-01 09:45:00,,,,,2,
bachelor's (cs),Less than 1 year,1.0,MacOS,ğŸ˜,mamba/micromamba,False,"english, mandarin",2005-08-11,1900-01-01 08:00:00,6,crazy rich asians,"action, comedy, romance","tennis, journaling, walking",2,19.0
bachelor's (economics),Less than 1 year,3.0,MacOS,ğŸ§,mamba/micromamba,False,"english, spanish",2004-03-08,1900-01-01 09:30:00,9,the man from uncle,"action, comedy, sci-fi, fantasy, mystery/thriller, romance","baking, reading books, going for walks",2,20.0
bachelor's (am),2-4 years,2.0,MacOS,ğŸ°,mamba/micromamba,False,english,2003-09-07,1900-01-01 08:45:00,9,,"comedy, sci-fi, fantasy, romance","painting, walking my dog, tiktok watching",1,21.0
bachelor's (cs),2-4 years,4.0,MacOS,ğŸ˜,conda,True,"english, chinese",2004-05-31,1900-01-01 09:00:00,7,spirited away,"action, mystery/thriller, romance","swimming, playing tennis, hanging out with friends",2,20.0
cross-registered from mit,2-4 years,3.0,MacOS,ğŸ§,mamba/micromamba,False,"mandarin, english",2000-01-22,1900-01-01 08:00:00,7,god of gamblers,"action, comedy","cardistry, dancing, cooking",2,24.0
bachelor's (am),1-2 years,1.0,MacOS,ğŸ˜…,i don't have a working local environment yet,False,"english, serbian, croatian",2002-10-01,1900-01-01 09:00:00,8,interstellar,"action, horror, sci-fi, fantasy, mystery/thriller","water polo, basketball, gym",3,21.0
bachelor's (am),Less than 1 year,1.0,MacOS,ğŸ˜…,i don't have a working local environment yet,False,english,2002-07-17,1900-01-01 08:00:00,8,jerry and marge go large,"action, comedy, mystery/thriller","golf, baseball, football",1,22.0
phd,1-2 years,2.0,MacOS,ğŸ˜,other,False,"english, spanish, german, french",2001-07-25,1900-01-01 08:00:00,8,about time,"comedy, drama, fantasy, romance, documentary","hiking, running, climbing",4,23.0
bachelor's (cs),2-4 years,3.0,MacOS,ğŸ°,mamba/micromamba,True,"english, italian, portuguese, french",2002-09-18,1900-01-01 06:00:00,7.5,the incredibles,"action, comedy, sci-fi, fantasy, mystery/thriller","solving the rubik's cube, playing the guitar",4,21.0
bachelor's (am),2-4 years,3.0,MacOS,ğŸ˜…,i don't have a working local environment yet,False,"english, portuguese, spanish",2002-12-02,1900-01-01 09:30:00,8,up,romance,"reading, soccer, board games ",3,21.0
bachelor's (astrophysics),2-4 years,4.0,MacOS,ğŸ˜,conda,True,english,2005-04-11,1900-01-01 10:00:00,6,moneyball,"comedy, sci-fi","basketball, running, music",1,19.0
bachelor's (am),Less than 1 year,1.0,MacOS,ğŸ˜±,mamba/micromamba,True,"spanish, english",2002-07-19,1900-01-01 08:00:00,7,harry potter,"action, comedy, drama, sci-fi, fantasy, romance","hiit, watching netflix, dining",2,22.0
bachelor's (social studies),1-2 years,1.0,MacOS,ğŸ§,mamba/micromamba,True,"english, german, italian",,,6.5,,"comedy, drama, documentary",,3,
master's cbqg,Less than 1 year,1.0,MacOS,ğŸ§,mamba/micromamba,True,chinese,2001-08-17,1900-01-01 09:00:00,8,harry potter(?,"action, comedy, drama, sci-fi, mystery/thriller, romance, documentary","horse riding, dancing, drawing",1,23.0
master's (ds),2-4 years,4.0,MacOS,ğŸ˜,i don't have a working local environment yet,True,google colab,2001-12-21,1900-01-01 08:30:00,5,,,tennis/violin,1,22.0
master's (ds) [extension school],4+ years,4.0,MacOS,ğŸ˜,venv,False,"spanish, english",1999-07-08,1900-01-01 07:00:00,7,the big short,"drama, mystery/thriller, documentary","street photography, music (listening - playing guitar - making beats), reading books",2,25.0
ms in cbqg,1-2 years,3.0,MacOS,ğŸ§,mamba/micromamba,False,"chinese, english",2003-01-04,1900-01-01 09:30:00,6,barbie in a mermaid tale,"comedy, drama","cooking, making coffee, trying different sports",2,21.0
bachelor's (cs),2-4 years,2.0,MacOS,ğŸ˜,mamba/micromamba,True,"english, spanish",2004-04-17,1900-01-01 08:00:00,7,paddington ,"action, comedy, drama, romance","listening to music, going on walks, hanging out with friends",2,20.0
phd,Less than 1 year,1.0,MacOS,ğŸ§,mamba/micromamba,False,"english, chinese, spanish",1998-05-11,1900-01-01 08:00:00,8,,"action, drama, sci-fi",,3,26.0
bachelor's (econ),4+ years,4.0,MacOS,ğŸ°,mamba/micromamba,True,"hebrew, english, spanish",2003-07-18,1900-01-01 10:00:00,8,city of gods,action,"pottery, glassblowing, muay thai",3,21.0
bachelor's (cs),2-4 years,2.0,MacOS,ğŸ˜,mamba/micromamba,True,"english, korean",2001-10-20,1900-01-01 10:00:00,8,,"action, comedy, fantasy, romance",,2,22.0
master's (cse),4+ years,2.0,MacOS,ğŸ˜…,mamba/micromamba,True,english,,,,,,,1,
master's (ds) [extension school],2-4 years,,MacOS,ğŸ°,mamba/micromamba,True,"english, nepali, spanish",1989-02-18,1900-01-01 10:00:00,6,grand budapest hotel,"comedy, sci-fi","reading, watching tv shows, puzzles",3,35.0
phd,Less than 1 year,2.0,MacOS,ğŸ§,mamba/micromamba,True,"mandarin, english",1996-11-21,1900-01-01 08:45:00,9,,"comedy, sci-fi, romance, documentary",,2,27.0
bachelor's (cs),1-2 years,1.0,MacOS,ğŸ§,mamba/micromamba,True,"english, spanish ",2003-01-16,1900-01-01 07:00:00,7,avatar,"action, comedy, drama, sci-fi, romance","playing sports, watching movies, problem solving ",2,21.0
master's (ds),1-2 years,4.0,MacOS,ğŸ˜…,conda,True,"chinese, english",2002-03-24,1900-01-01 09:00:00,8,idk,"comedy, sci-fi","hold'em, golf, badminton",2,22.0
master's (ds) [extension school],Less than 1 year,2.0,Windows,ğŸ˜…,mamba/micromamba,False,"english, arabic",1983-08-18,1900-01-01 07:00:00,7,not sure,"action, comedy, drama, horror, mystery/thriller","traveling, movies, sports",2,41.0
ms/mba,1-2 years,3.0,MacOS,ğŸ§,mamba/micromamba,False,mandarin ,2001-05-16,1900-01-01 09:30:00,7,titanic ,"action, horror, sci-fi, fantasy, mystery/thriller","walk dog, listen to kpop music",1,23.0
bachelor's (cs),1-2 years,2.0,MacOS,ğŸ§,mamba/micromamba,False,"english, hebrew",2004-02-18,1900-01-01 07:30:00,7,bridge on the river kwai,documentary,"running, bike riding, and watching netflix",2,20.0
bachelor's (am),1-2 years,3.0,MacOS,ğŸ˜…,i don't have a working local environment yet,True,"english, urdu, french",2003-01-23,1900-01-01 08:00:00,5,inception,"action, drama, sci-fi, fantasy, mystery/thriller","tennis, swimming, video games",3,21.0
master's (ds),2-4 years,3.0,Windows,ğŸ˜…,mamba/micromamba,False,"english, gujurati, spanish",2002-07-27,1900-01-01 08:00:00,7,"red, white, and royal blue","comedy, drama, sci-fi, fantasy, romance","video games, tennis, weather",3,22.0
bachelor's (am),2-4 years,3.0,MacOS,ğŸ˜,mamba/micromamba,False,"english, spanish",2024-09-10,1900-01-01 05:30:00,8,hacksaw ridge,"action, comedy, horror, sci-fi, fantasy","football, listening to music, bartending",2,0.0
master's (ds),1-2 years,4.0,MacOS,ğŸ˜,mamba/micromamba,True,english,2002-03-19,1900-01-01 08:00:00,8,star wars: episode iii,"action, sci-fi","playing tennis, watching star wars or harry potter, watching football",1,22.0
undeclared concentration,Less than 1 year,1.0,Windows,ğŸ˜,mamba/micromamba,False,"english, swedish",2004-11-28,1900-01-01 06:30:00,7.5,the princess bride,"comedy, sci-fi, fantasy","cross country skiing, ultimate frisbee, board games",2,19.0
bachelor's (cs),2-4 years,1.0,Windows,ğŸ˜,mamba/micromamba,False,"english, french",2004-04-05,1900-01-01 07:00:00,8,,"action, sci-fi","piano, hiking, solving rubik's cubes ",2,20.0
bachelor's (statistics),Less than 1 year,1.0,Windows,ğŸ˜…,mamba/micromamba,False,"english, nepali",2004-05-05,1900-01-01 07:00:00,7,soul,"action, comedy, fantasy",playing guitar,2,20.0
phd,Less than 1 year,1.0,MacOS,ğŸ§,mamba/micromamba,False,english,1999-01-11,1900-01-01 06:00:00,8,eternal sunshine of the spotless mind,"comedy, mystery/thriller, romance, documentary","running, reading, painting",1,25.0
bachelor's (cs),2-4 years,3.0,MacOS,ğŸ˜,mamba/micromamba,True,"english, french, spanish, mandarin",2005-05-18,1900-01-01 08:30:00,9,50 shades of grey,"action, comedy, romance, documentary",,4,19.0
bachelor's (cs),1-2 years,1.0,MacOS,ğŸ§,mamba/micromamba,True,"arabic, english, french",2002-04-24,1900-01-01 08:00:00,8,,"action, comedy, drama, sci-fi, romance","playing the guitar, playing tennis, watching soccer",3,22.0
bachelor's (cs),4+ years,4.0,MacOS,ğŸ˜,mamba/micromamba,True,"english, chinese",2005-03-21,1900-01-01 08:00:00,7,interstellar,"action, comedy, drama, sci-fi, fantasy, mystery/thriller, romance, documentary","opera, baking, sci-fi",2,19.0
bachelor's (cs),4+ years,4.0,MacOS,ğŸ˜,conda,True,"english, chinese, spanish, python, java",2004-02-15,1900-01-01 09:30:00,7,everything everywhere all at once,"action, comedy, drama, fantasy, romance","ballet, reading, trying new foods",5,20.0
ms/mba,1-2 years,2.0,MacOS,ğŸ§,mamba/micromamba,True,"hebrew, english ",1994-06-18,1900-01-01 09:40:00,7,the big short,"action, comedy","basketball, snowboard, music",2,30.0
bachelor's (physics),Less than 1 year,1.0,MacOS,ğŸ˜…,mamba/micromamba,False,"pashto, farsi, hindi, arabic",,1900-01-01 08:00:00,7.75,dead poets society,"action, comedy, sci-fi, mystery/thriller, documentary","chess, rollerblading, poker",4,
bachelor's (cs),Less than 1 year,1.0,MacOS,ğŸ˜…,mamba/micromamba,True,"english, spanish, portuguese",2003-11-15,1900-01-01 07:45:00,7.5,the social network,"action, comedy, drama, sci-fi, fantasy, mystery/thriller, romance, documentary","running, reading, cooking",3,20.0
bachelor's (cs),2-4 years,1.0,MacOS,ğŸ°,mamba/micromamba,True,"english, chinese",2003-06-10,1900-01-01 08:00:00,8,interstellar,"action, sci-fi, mystery/thriller","working out, travelling, watching movies",2,21.0
master's (ds) [extension school],1-2 years,4.0,Windows,ğŸ˜,pipenv,False,"english, norwegian",1970-08-07,1900-01-01 07:00:00,6.5,moneyball,"action, sci-fi, documentary","running, helping my kids with homework!",2,54.0
master's (ds),1-2 years,2.0,Windows,ğŸ§,mamba/micromamba,False,"english, telugu",,1900-01-01 07:00:00,8,brooklyn,"comedy, drama, romance","art, watching tv",2,
master's (ds),2-4 years,3.0,Windows,ğŸ˜,conda,True,"chinese, english",2002-02-23,1900-01-01 07:30:00,7,twilight,"action, comedy, mystery/thriller, romance","dancing, shopping, hanging out with friends",2,22.0
master's (ds) [extension school],1-2 years,3.0,Windows,ğŸ§,mamba/micromamba,True,"english, chinese",1989-08-13,1900-01-01 08:00:00,7,step brothers,"action, comedy, sci-fi, fantasy, mystery/thriller, animation","video games, puzzles, football",2,35.0
bachelor's (cs),4+ years,3.0,MacOS,ğŸ§,mamba/micromamba,False,"bangla, english",2003-08-26,1900-01-01 05:00:00,8,a walk to remember,"comedy, drama, romance, documentary",painting,2,21.0
phd,1-2 years,2.0,MacOS,ğŸ°,mamba/micromamba,True,"french, arabic, english",1998-12-07,1900-01-01 08:30:00,7,the joker,documentary,"soccer, tennis, tinkering in electronics ",3,25.0
bachelor's (statistics),Less than 1 year,2.0,MacOS,ğŸ§,other,True,english,2003-04-26,1900-01-01 08:00:00,7,unsure,"action, comedy, drama, sci-fi, fantasy, mystery/thriller, documentary","basketball, ping pong, walking",1,21.0
bachelor's (am),Less than 1 year,1.0,MacOS,ğŸ˜±,mamba/micromamba,True,english,2002-12-11,1900-01-01 08:00:00,8,the princess bride,"comedy, romance","tv, friends, running",1,21.0
bachelor's (cs),2-4 years,4.0,MacOS,ğŸ§,mamba/micromamba,True,english,2003-03-17,1900-01-01 09:30:00,6.5,,"action, drama, romance","playing golf, watching sports, watching movies",1,21.0
bachelor's (cs),1-2 years,2.0,MacOS,ğŸ§,conda,True,english,2002-08-29,1900-01-01 08:00:00,5,there will be blood,"comedy, drama, horror, mystery/thriller","hiking, netflix, sports",1,22.0
bachelor's (cs),Less than 1 year,1.0,MacOS,ğŸ§,conda,False,somali,2002-04-03,1900-01-01 10:00:00,9,me before you,"comedy, mystery/thriller, romance",reading,1,22.0
bachelor's (am),Less than 1 year,1.0,MacOS,ğŸ˜,conda,False,"kurdish, arabic",2003-01-18,1900-01-01 08:00:00,7,infinity war,action,"one piece , lifting , tech",2,21.0
master in computational biology,2-4 years,4.0,MacOS,ğŸ°,mamba/micromamba,False,"english, mandarin, cantonese",2001-11-12,1900-01-01 07:00:00,7.5,dead poet society,"comedy, sci-fi, romance","watching birds, hiking, singing",3,22.0
cerificate for data science,1-2 years,3.0,Windows,ğŸ§,mamba/micromamba,False,"english,urdu",1985-06-10,1900-01-01 07:00:00,6,,comedy,"binge watching, studying ",1,39.0
bachelor's economics,2-4 years,3.0,Windows,ğŸ˜…,mamba/micromamba,True,"english, portuguese",2002-10-17,1900-01-01 08:00:00,7,,"action, comedy, documentary","volleyball, traveling, working out",2,21.0
bachelor's (cs),2-4 years,2.0,MacOS,ğŸ˜…,mamba/micromamba,True,"english, japanese, mandarin, cantonese",2004-02-04,1900-01-01 08:00:00,6,your name,"comedy, drama, mystery/thriller, romance","badminton, frisbee, dancing",4,20.0
bachelor's (statistics),4+ years,3.0,Windows,ğŸ˜,mamba/micromamba,False,"english, chinese",2004-09-10,1900-01-01 08:00:00,7,crazy rich asians,"action, comedy, mystery/thriller, romance","dancing, playing piano",2,20.0
master's (ds),2-4 years,4.0,MacOS,ğŸ°,mamba/micromamba,True,"english, mandarin",2002-04-10,1900-01-01 08:00:00,7,star wars,"action, comedy, sci-fi, fantasy","cooking, reading, playing tennis",2,22.0
bachelor's (statistics),2-4 years,4.0,MacOS,ğŸ˜,mamba/micromamba,True,"english, spanish",,1900-01-01 08:30:00,8,the shawshank redemption,"action, comedy, fantasy","playing music, working out",2,
bachelor's (statistics),1-2 years,1.0,MacOS,ğŸ§,mamba/micromamba,True,"english, mandarin",2004-12-03,1900-01-01 06:30:00,7,everything everywhere all at once,"action, comedy, romance","thrifting, photojournaling, karoake",2,19.0
bachelor's (am),Less than 1 year,1.0,MacOS,ğŸ˜…,conda,True,"serbian, english, swedish",2002-12-02,1900-01-01 08:30:00,9,grand budapest hotel,"comedy, sci-fi","playing soccer, watching one piece",3,21.0
master's (ds),1-2 years,3.0,Windows,ğŸ˜±,conda,False,"english, hindi",2003-10-28,1900-01-01 09:00:00,7,soul,"action, comedy, drama, horror, fantasy","tennis, reading, writing poetry",2,20.0
master's (ds),4+ years,2.0,Windows,ğŸ§,mamba/micromamba,True,"english, bahasa indonesia",1999-10-27,1900-01-01 07:00:00,7,kiki's delivery service,"comedy, sci-fi, fantasy, documentary","tabletop rpgs, playing guitar, cooking",2,24.0
bachelor's (statistics),Less than 1 year,1.0,MacOS,ğŸ§,mamba/micromamba,True,english,2004-03-12,1900-01-01 08:30:00,8,ferris bueller,"action, comedy, drama, mystery/thriller","biking, reading, watching tv dramas",1,20.0
bachelor's (cs),1-2 years,1.0,MacOS,ğŸ§,mamba/micromamba,True,"english, spanish, french, chinese, python, c++",2001-12-25,1900-01-01 07:30:00,7,deadpool & wolverine,"action, comedy, fantasy, romance","photography, binge watching prison break, going to the gym",6,22.0
bachelor's (cs),4+ years,4.0,MacOS,ğŸ˜,mamba/micromamba,False,"german, cantonese",2002-05-05,1900-01-01 08:10:00,6,hunger games,"action, comedy, drama, romance",,2,22.0
phd,Less than 1 year,1.0,Windows,ğŸ˜…,mamba/micromamba,False,english,,1900-01-01 11:00:00,8,,documentary,,1,
master's (cse),2-4 years,1.0,Windows,ğŸ§,mamba/micromamba,False,"english, french",2001-02-15,1900-01-01 07:30:00,8,interstellar,"action, comedy, horror, sci-fi, mystery/thriller","playing the piano, lifting weights, and traveling",2,23.0
master's (cse),2-4 years,1.0,Windows,ğŸ§,mamba/micromamba,False,"english, french",2001-02-15,1900-01-01 07:30:00,8,interstellar,"action, comedy, horror, sci-fi, mystery/thriller","playing the piano, lifting weights, and traveling",2,23.0
bachelor's (cs),2-4 years,2.0,MacOS,ğŸ°,mamba/micromamba,True,"amharic, tigrinya, english",2003-06-22,1900-01-01 07:00:00,7,interstellar ,"action, comedy, sci-fi, fantasy, mystery/thriller, romance, documentary","making matcha, gymming, listening to music",3,21.0
master's (ds),4+ years,4.0,MacOS,ğŸ§,other,False,chinese,2002-06-26,1900-01-01 11:30:00,8,sherlock,"action, comedy, drama, sci-fi, mystery/thriller","dance, paint, traveling",1,22.0
phd,4+ years,1.0,Windows,ğŸ˜±,pipenv,True,"mandarin, japanese, english",1998-05-20,1900-01-01 10:02:00,7.1,spirited away,"comedy, drama, sci-fi, documentary","hiking, traveling, stamp collecting",3,26.0
bachelor's (history),1-2 years,1.0,MacOS,ğŸ˜,i don't have a working local environment yet,True,"english,italian,spanish,chinese",2003-05-13,1900-01-01 08:15:00,7,roman holidays,"drama, fantasy","reading,theater,hiking",1,21.0
master's (ds),4+ years,5.0,Windows,ğŸ§,conda,True,"english, cantonese, mandarin, phyrexian",2002-06-30,1900-01-01 08:00:00,8, pride & prejudice,"action, comedy, drama, sci-fi, fantasy, romance","reading, gaming, coding ",4,22.0
bachelor's (government),Less than 1 year,1.0,Windows,ğŸ˜…,mamba/micromamba,False,"english, spanish",2004-01-25,1900-01-01 07:30:00,7,pride and prejudice,"action, comedy, fantasy, romance","choral singing, playing volleyball, exploring coffee shops",2,20.0
bachelor's (cs),1-2 years,3.0,MacOS,ğŸ§,mamba/micromamba,True,english,2005-02-05,1900-01-01 07:30:00,6,10 things i hate about you,"comedy, drama, sci-fi, fantasy, mystery/thriller, romance","going to the gym, shopping, reading",1,19.0
bachelor's (cs),2-4 years,2.0,Windows,ğŸ°,conda,True,english,2004-05-03,1900-01-01 08:30:00,6.5,star wars revenge of the sith,"action, sci-fi, fantasy","video games, clarinet, tennis",1,20.0
bachelor's (am),1-2 years,2.0,MacOS,ğŸ˜,i don't have a working local environment yet,True,"cantonese, mandarin",2003-02-10,1900-01-01 09:00:00,6,,"action, drama, sci-fi, mystery/thriller, romance","skateboarding, nail art",2,21.0
bachelor's (am),2-4 years,3.0,MacOS,ğŸ˜,mamba/micromamba,True,"english, chinese, spanish",2003-05-27,1900-01-01 09:00:00,7,la la land,"action, comedy, drama, mystery/thriller","table tennis, sailing, poker",3,21.0
master's (ds),4+ years,5.0,MacOS,ğŸ°,mamba/micromamba,False,"turkish, english",2002-02-28,1900-01-01 11:00:00,8,whiplash,"action, mystery/thriller, documentary","basketball, kayaking, chess",2,22.0
bachelor's (neuro),Less than 1 year,2.0,MacOS,ğŸ§,mamba/micromamba,True,"english, mandarin",2004-04-23,1900-01-01 08:30:00,7,inception!,"action, comedy, drama, horror, sci-fi, fantasy, mystery/thriller, romance","rock climbing, playing drums, sleeping",2,20.0
master's (ds) [extension school],Less than 1 year,1.0,Windows,ğŸ§,i don't have a working local environment yet,True,"english, french",1997-07-20,1900-01-01 08:00:00,8,uncut gems,"action, comedy, drama, sci-fi, fantasy, mystery/thriller","running, skiing, video games",2,27.0
bachelor's (cs),1-2 years,2.0,MacOS,ğŸ˜,mamba/micromamba,False,"english, hindi",2004-12-25,1900-01-01 08:00:00,7,hunger games,comedy,"sports, reading, traveling",2,19.0
ba econ,Less than 1 year,1.0,MacOS,ğŸ˜±,i don't have a working local environment yet,False,"mandarin, english",2002-02-01,1900-01-01 09:00:00,6,,"action, comedy, drama",,2,22.0
bachelor's (am),1-2 years,4.0,MacOS,ğŸ˜,conda,True,"spanish, french, english",2002-12-31,1900-01-01 08:15:00,8,baby driver,"action, comedy","eating, anime, games",3,21.0
bachelor's (cs),Less than 1 year,1.0,Windows,ğŸ˜±,pipenv,True,english,2003-11-18,1900-01-01 09:00:00,8,goodfellas,"action, comedy, sci-fi, mystery/thriller","badminton, cricket, poker",1,20.0
bachelor's (neuro),Less than 1 year,2.0,MacOS,ğŸ˜,mamba/micromamba,True,"english, spanish",,1900-01-01 07:55:00,6.5,north by northwest,"action, comedy, drama, mystery/thriller, documentary","chess, fencing, photography",2,
bachelor's (cs),2-4 years,3.0,MacOS,ğŸ˜,mamba/micromamba,True,"english, korean",2004-07-07,1900-01-01 08:15:00,6,,"action, comedy, sci-fi, fantasy, mystery/thriller, romance",,2,20.0
bachelor's (cs),1-2 years,2.0,MacOS,ğŸ˜,mamba/micromamba,True,english,2004-03-23,1900-01-01 08:00:00,8,goonies,"action, comedy, drama, romance","watching movies, playing soccer, listening to music",1,20.0
ms/mba,Less than 1 year,1.0,MacOS,ğŸ§,mamba/micromamba,True,"english, arabic",1992-11-17,1900-01-01 07:00:00,7,lion king,"action, comedy, drama, documentary","spikeball, reading, hiking",2,31.0
bachelor's (psychology),Less than 1 year,1.0,Windows,ğŸ§,mamba/micromamba,False,"english, mandarin",2004-01-24,1900-01-01 08:00:00,8,your name,"action, comedy, fantasy, romance","traveling, binge watching shows, hanging out with friends",2,20.0
bachelor's (cs),Less than 1 year,1.0,MacOS,ğŸ˜,mamba/micromamba,True,"spanish, english, ",2004-10-24,1900-01-01 08:15:00,7,the matrix,"action, comedy, drama, horror, sci-fi, fantasy, mystery/thriller, romance, documentary","origami, soccer, graphic design",3,19.0
bachelor's (am),2-4 years,3.0,MacOS,ğŸ˜,mamba/micromamba,True,"english, french, macedonian, serbian, croatian",2003-04-26,1900-01-01 11:00:00,8.5,harry potter,"action, comedy, romance","skiing, playing drums, hiking",5,21.0
,Less than 1 year,1.0,MacOS,ğŸ§,other,True,"spanish, english",2002-12-27,1900-01-01 08:00:00,6,fight club,"drama, horror","playing soccer, listening to music, playing piano",2,21.0
bachelor's (economics),Less than 1 year,2.0,MacOS,ğŸ§,mamba/micromamba,True,"english, korean, spanish",2003-10-16,1900-01-01 08:30:00,7,hunger games,"action, sci-fi, mystery/thriller, romance","dance, running, listening to music",3,20.0
bachelor's (am),2-4 years,3.0,MacOS,ğŸ§,mamba/micromamba,True,"korean, english",2005-01-24,1900-01-01 08:30:00,7,crazy rich asians,"comedy, fantasy, romance","puzzles, card games, baking",2,19.0
bachelor's (cs),2-4 years,2.0,MacOS,ğŸ˜,mamba/micromamba,True,"amharic, english",2005-09-02,1900-01-01 10:00:00,7,the dark knight,"comedy, drama, sci-fi, mystery/thriller, romance","soccer, reading, singing",2,19.0
master's (ds) [extension school],Less than 1 year,2.0,Windows,ğŸ§,conda,False,chinese ,1975-02-11,1900-01-01 06:00:00,6,the sound of music ,"comedy, romance","hiking, listening to music, traveling ",1,49.0
economics,Less than 1 year,1.0,MacOS,ğŸ§,mamba/micromamba,True,"english, arabic",2003-04-30,1900-01-01 08:00:00,6,the parent trap,"action, comedy, drama, fantasy, mystery/thriller, romance","playing puzzles, reading, hanging out with friends",2,21.0
master's (ds),4+ years,4.0,MacOS,ğŸ°,mamba/micromamba,True,"english, telugu",2002-03-14,1900-01-01 09:00:00,7,,"action, comedy, mystery/thriller","playing/watching sports, coin collecting, djing",2,22.0
bachelor's (heb/neuro),1-2 years,3.0,MacOS,ğŸ˜…,mamba/micromamba,True,"english, spanish, arabic",2003-09-25,1900-01-01 08:00:00,7,captain america: the first avenger,"action, comedy, sci-fi, mystery/thriller","piano, basketball, kitesurfing",3,20.0
master's (ds) [extension school],Less than 1 year,2.0,MacOS,ğŸ§,i don't have a working local environment yet,True,"romanian, english, spanish",1997-09-16,1900-01-01 07:00:00,7,kill bill,"action, comedy, drama, mystery/thriller, romance","tennis, skiing, reading",3,26.0
"extension school, pursuing master's",1-2 years,1.0,Windows,ğŸ§,conda,True,"english, german",1999-06-21,1900-01-01 07:00:00,8,the grand budapest hotel,"action, comedy, drama, sci-fi, fantasy, mystery/thriller, romance","running, cooking, coding",2,25.0
ms/mba,2-4 years,3.0,MacOS,ğŸ˜,conda,False,chinese,2000-11-23,1900-01-01 09:30:00,8 hours,flipped,"comedy, drama, horror, mystery/thriller, romance","painting, reading, baking",1,23.0
"bachelor's (music, neuroscience)",Less than 1 year,1.0,MacOS,ğŸ˜…,mamba/micromamba,True,"english, mandarin",2003-09-18,1900-01-01 07:30:00,6,everything everywhere all at once,"comedy, drama, sci-fi, fantasy, documentary","playing piano, singing, cooking",2,20.0
bachelor's (am),Less than 1 year,1.0,MacOS,ğŸ˜…,mamba/micromamba,False,"hindi, urdu, punjabi, english",,,6,,,,4,
master's (ds) [extension school],1-2 years,3.0,Windows,ğŸ§,mamba/micromamba,False,"portuguese, english, french, italian",1989-07-08,1900-01-01 08:30:00,8,interstellar,"comedy, sci-fi","riding skate, playing guitar, playing soccer",4,35.0
master's (ds) [extension school],4+ years,4.0,Windows,ğŸ°,other,True,"english, hindi",2001-05-01,1900-01-01 08:30:00,6,,"action, comedy, drama, horror, sci-fi, fantasy, mystery/thriller, romance, documentary","football, music, finding new things",2,23.0
bachelor's (am),1-2 years,2.0,MacOS,â˜ ï¸,mamba/micromamba,False,"english, hindi, spanish",2003-03-30,1900-01-01 13:00:00,5,saving private ryan,"action, comedy, sci-fi, fantasy",,3,21.0
bachelor's (statistics),2-4 years,3.0,MacOS,ğŸ˜,mamba/micromamba,False,"english, chinese",2004-09-18,1900-01-01 09:00:00,7,matrix,"action, comedy, drama, romance","tennis, movies, biking",2,19.0
master's (ds) [extension school],2-4 years,3.0,Windows,ğŸ§,mamba/micromamba,False,english,1982-12-15,1900-01-01 04:00:00,5,eternal sunshine of the spotless mind,"action, comedy, drama, horror, sci-fi, fantasy, mystery/thriller, romance, documentary","running, weightlifting, watching sports",1,41.0
bachelor's  (ec) -- cs secondary,1-2 years,2.0,MacOS,ğŸ˜,mamba/micromamba,False,english and chinese,2002-02-12,1900-01-01 08:00:00,6.75,the big short,"comedy, fantasy, mystery/thriller, romance, documentary","running, reading, singing",1,22.0
bachelor's (cs),Less than 1 year,2.0,MacOS,ğŸ§,mamba/micromamba,False,"english, arabic",2003-10-03,1900-01-01 08:00:00,7,the king,"action, drama, mystery/thriller","shopping, netflix, walks",2,20.0
bachelor's (environmental science and public policy),Less than 1 year,1.0,MacOS,ğŸ§,i don't have a working local environment yet,False,english,2003-01-02,1900-01-01 06:00:00,6.5,reservoir dogs,"action, mystery/thriller, documentary","cooking, thrifting, hiking",1,21.0
bachelor's (neuroscience),Less than 1 year,1.0,MacOS,ğŸ˜±,i don't have a working local environment yet,False,english,2003-09-10,1900-01-01 08:00:00,5,whiplash,"drama, sci-fi, fantasy","making art, going to art museums, playing piano",1,21.0
master's (ds) [extension school],1-2 years,2.0,Windows,ğŸ§,mamba/micromamba,False,"french, german",1979-09-06,1900-01-01 07:30:00,8,empire strikes back,"action, comedy, horror, sci-fi","star trek, watching latest movies & syfy shows, spending time with my daughter",2,45.0
master's (mde),Less than 1 year,1.0,Windows,ğŸ˜…,i don't have a working local environment yet,True,mandarin cantonese,1997-03-13,1900-01-01 06:00:00,6,perfume,"action, comedy, drama, sci-fi, fantasy","listening music, watching movies, playing games",1,27.0
bachelor's (am),2-4 years,4.0,Windows,ğŸ˜…,conda,True,"english (fluent), spanish (working proficiency)",2004-01-23,1900-01-01 06:30:00,6,star wars: return of the jedi,"action, comedy, drama, sci-fi, fantasy, mystery/thriller, romance, documentary","playing cello, scuba diving, drone cinematography",2,20.0
bachelor's (bme),Less than 1 year,1.0,MacOS,ğŸ§,conda,True,english,2003-09-26,1900-01-01 07:00:00,7,interstellar,"action, comedy, sci-fi, fantasy, romance",,1,20.0
bachelor's (am),Less than 1 year,2.0,MacOS,ğŸ˜…,mamba/micromamba,False,"portuguese (elementary), spanish (elementary)",2003-12-18,1900-01-01 06:30:00,6-7,flipped,"drama, sci-fi, romance, documentary","listening to music, playing music, watching movies",2,20.0
master's (ds),4+ years,5.0,MacOS,ğŸ°,mamba/micromamba,True,"english, mandarin ",2001-10-17,1900-01-01 07:30:00,8,mission impossible ,"action, comedy, drama","playing sports, watching sports, playing games",2,22.0
bachelor's (cs),1-2 years,3.0,MacOS,ğŸ˜…,conda,True,english,2003-07-08,1900-01-01 07:00:00,6,interstellar,"comedy, sci-fi, mystery/thriller, romance","hiking, reading, traveling",1,21.0
bachelor's (statistics),Less than 1 year,1.0,MacOS,ğŸ˜…,mamba/micromamba,True,"nepali, hindi",2004-08-25,1900-01-01 07:30:00,7,,"action, comedy, drama, romance",,2,20.0
bachelor's (am),1-2 years,1.0,MacOS,ğŸ˜…,mamba/micromamba,True,english,2003-08-13,1900-01-01 08:30:00,8,everything everywhere all at once,"fantasy, romance","musical theater, playing board games, theme parks",1,21.0
bachelor's (econ) ,Less than 1 year,2.0,MacOS,ğŸ˜…,mamba/micromamba,True,"vietnamese, english",2003-10-11,1900-01-01 08:00:00,6.5,eternal sunshine of the spotless mind,"comedy, romance","eating, gymming, cafe hopping",2,20.0
phd,Less than 1 year,1.0,Windows,ğŸ˜…,mamba/micromamba,False,english,1998-01-15,1900-01-01 06:00:00,7,,,"crossfit, weightlifting, paddle boarding ",1,26.0
bachelor's (cs),Less than 1 year,1.0,MacOS,ğŸ˜…,mamba/micromamba,True,"english, swahili",2002-10-22,1900-01-01 08:00:00,5,blended,"comedy, mystery/thriller","reading, binge watching, trying new restaurants",2,21.0
bachelor's (am),1-2 years,3.0,MacOS,ğŸ˜,mamba/micromamba,True,english,2004-06-23,1900-01-01 08:15:00,7.5,her,"sci-fi, fantasy, mystery/thriller","hiking, watching movies, spikeball",1,20.0
bachelor's (statistics),4+ years,1.0,MacOS,ğŸ°,mamba/micromamba,False,english,2002-05-27,1900-01-01 08:30:00,7.5,knives out,"action, comedy, mystery/thriller","playing spikeball, watching tv, swimming",1,22.0
bachelor's (cs),4+ years,2.0,MacOS,ğŸ§,other,True,"chinese,english,french",2003-06-01,1900-01-01 07:00:00,6,bilocation,horror,"running,eating,travelling",1,21.0
bachelor's (integrative biology),Less than 1 year,1.0,MacOS,ğŸ˜…,mamba/micromamba,False,"english, spanish",2003-01-10,1900-01-01 07:00:00,8,shawshank redemption,"action, comedy, drama, sci-fi, romance, documentary","soccer, art, surfing",2,21.0
bachelor's (am),Less than 1 year,1.0,MacOS,ğŸ˜…,mamba/micromamba,False,english,2004-01-19,1900-01-01 08:00:00,7 hours,crazy rich asians ,"action, comedy, mystery/thriller","playing the french horn, collecting rocks, eating good food",1,20.0
master's (ds) [extension school],4+ years,4.0,MacOS,ğŸ˜,mamba/micromamba,True,english,1992-12-24,1900-01-01 07:00:00,6.5,chinatown,"action, comedy, drama, mystery/thriller","running, videogames, reading",1,31.0
ms/mba,1-2 years,2.0,Windows,ğŸ§,mamba/micromamba,True,"english, spanish, italian",1994-03-01,1900-01-01 06:00:00,7.5,true grit,"action, comedy, documentary","volleyball, fishing",3,30.0
bachelor's (cs),4+ years,4.0,MacOS,ğŸ§,venv,True,"english, french, kinyarwanda, spanish",2000-10-14,1900-01-01 07:00:00,4,interstellar,"action, comedy, sci-fi, fantasy, mystery/thriller","basketball, music, travel",4,23.0
bachelor's (cs),2-4 years,4.0,MacOS,ğŸ˜,mamba/micromamba,False,"english, chinese",2002-02-16,1900-01-01 07:15:00,7,inception,"horror, mystery/thriller","poker, cooking, running",2,22.0
phd,Less than 1 year,1.0,Windows,â˜ ï¸,mamba/micromamba,True,"english, farsi",2001-07-27,1900-01-01 08:00:00,7.5,interstellar,"horror, sci-fi, fantasy","guitar, reading, soccer",2,23.0
bachelor's (cs),2-4 years,1.0,MacOS,ğŸ˜…,mamba/micromamba,True,"chinese, english, korean",1996-05-16,1900-01-01 08:00:00,6,interstellar,"action, sci-fi, mystery/thriller","surfing, gym, botany",3,28.0
master's (cse),4+ years,4.0,MacOS,ğŸ˜,conda,True,nerd,1994-09-23,1900-01-01 07:00:00,8,how to train your dragon,"action, comedy, horror, sci-fi, fantasy","skydiving, homebrewing, reading",1,29.0
bachelor's (am),1-2 years,1.0,MacOS,ğŸ§,i don't have a working local environment yet,False,"arabic, french",2004-02-23,1900-01-01 08:00:00,8,how to lose a guy in 10 days,"drama, romance","reading, coffee shop hopping, piano",2,20.0
phd,4+ years,2.0,Windows,ğŸ˜,mamba/micromamba,False,"english, spanish",2001-03-11,1900-01-01 07:45:00,7,anne of green gables,"action, comedy, drama","playing violin, making polymer-clay jewelry, cooking",2,23.0
bachelor's (cs),1-2 years,1.0,MacOS,ğŸ§,mamba/micromamba,True,"english, mandarin",2003-10-07,1900-01-01 10:30:00,6,lalaland,"action, comedy, drama, romance","dance, watercolor painting, playing the ukulele",2,20.0
batchelor's (neuroscience),4+ years,2.0,MacOS,ğŸ˜±,mamba/micromamba,True,"english, hebrew, french",2001-11-08,1900-01-01 08:15:00,7.5,,"comedy, romance",,3,22.0
bachelor's (cs),4+ years,2.0,Windows,ğŸ˜,mamba/micromamba,False,"english, mandarin",2006-07-20,1900-01-01 08:25:00,8.25,wreck-it ralph,"comedy, fantasy, mystery/thriller, romance","playing board games, playing guitar, watching youtube",2,18.0
bachelor's (statistics),1-2 years,1.0,Windows,ğŸ˜,mamba/micromamba,True,"english, serbian",2024-09-11,1900-01-01 09:00:00,7,"the good, the bad, and the ugly","action, comedy, drama, horror, sci-fi, mystery/thriller, documentary","bjj, boxing, chess",2,0.0
master's (ds),2-4 years,2.0,MacOS,ğŸ§,mamba/micromamba,True,english,2002-04-17,1900-01-01 07:30:00,7 hours,inception,"action, comedy, romance","origami, juggling, close up magic",1,22.0
bachelor's (statistics),Less than 1 year,1.0,MacOS,ğŸ§,mamba/micromamba,True,english,2003-09-18,1900-01-01 06:30:00,8,the sweet smell of success,"action, comedy, drama, sci-fi, fantasy, mystery/thriller, romance, documentary","tennis, climbing, playing piano",1,20.0
bachelor's (am),1-2 years,3.0,MacOS,ğŸ§,mamba/micromamba,False,"english, mandarin",2003-06-28,1900-01-01 09:00:00,7,harry potter 5,"action, comedy, horror","golfing, cooking, pilates",2,21.0
master's (ds),4+ years,5.0,MacOS,ğŸ˜,mamba/micromamba,False,"english, french, chinese",2003-07-25,1900-01-01 06:29:00,8,eternal sunshine of the spotless mind,"action, comedy, sci-fi, mystery/thriller","hiking, spin classes, art",3,21.0
master's (ds),1-2 years,2.0,MacOS,ğŸ˜…,mamba/micromamba,True,"english, greek, hindi",2003-01-19,1900-01-01 06:00:00,7,mamma mia,"action, comedy, drama, romance","ballet, travel ",3,21.0
phd,2-4 years,3.0,Windows,ğŸ˜,mamba/micromamba,True,english,2001-12-25,1900-01-01 07:15:00,8,,"comedy, mystery/thriller","quilting, dance, cycling",1,22.0
bachelor's (economics with cs secondary),1-2 years,1.0,MacOS,ğŸ˜…,mamba/micromamba,False,english,2002-09-19,1900-01-01 09:00:00,7,the departed,action,"squash, hiking, watching football",1,21.0
master's (ds),2-4 years,3.0,MacOS,ğŸ˜…,mamba/micromamba,True,"english, french",2002-10-06,1900-01-01 08:00:00,7.5 hours,good will hunting,"comedy, mystery/thriller, romance, documentary","weight lifting, reading, binge watching reality tv",2,21.0
bachelor's (am),Less than 1 year,1.0,Windows,ğŸ°,mamba/micromamba,True,"english, ukrainian, russian",2004-10-01,1900-01-01 07:45:00,7,godfather,"drama, sci-fi, mystery/thriller","chess, bosing, f1",3,19.0
phd,1-2 years,3.0,MacOS,ğŸ˜,venv,False,english,1998-07-15,1900-01-01 07:30:00,7,the dark knight,action,running;,1,26.0
bachelor's (am),Less than 1 year,2.0,MacOS,ğŸ˜…,mamba/micromamba,False,"english, mandarin",2004-04-23,1900-01-01 08:00:00,6-7,kung fu panda,"action, mystery/thriller","chess, movies, servicing the plot",2,20.0
bachelor's (cs),1-2 years,2.0,MacOS,ğŸ§,mamba/micromamba,True,"english, chinese, spanish",2004-04-24,1900-01-01 10:30:00,6,everything everywhere all at once,"action, comedy, drama, sci-fi, fantasy, mystery/thriller, documentary","playing guitar, reading, lifting",3,20.0
bachelor's (am),Less than 1 year,1.0,Windows,ğŸ˜…,mamba/micromamba,False,english,2001-09-26,1900-01-01 08:15:00,7,"everything, everywhere, all at once","action, comedy, sci-fi, mystery/thriller","comedy, basketball, running",1,22.0
phd,Less than 1 year,1.0,MacOS,ğŸ˜…,mamba/micromamba,False,"english, korean",1997-12-17,1900-01-01 08:00:00,7,,"action, comedy, mystery/thriller","playing golf, watching movies, ",2,26.0
bachelor's (statistics),1-2 years,2.0,Windows,ğŸ˜…,mamba/micromamba,False,"english, spanish",2000-12-25,1900-01-01 11:00:00,6,,documentary,"singing, thrifting, reading queer romance novels",2,23.0
bachelor's (cs),1-2 years,2.0,MacOS,ğŸ˜…,mamba/micromamba,True,"spanish, english",2003-05-17,1900-01-01 08:00:00,7,two weeks notice,"comedy, drama, fantasy, romance, documentary","painting, watching movies, reading",2,21.0
bachelor's (cs),4+ years,2.0,MacOS,ğŸ˜,mamba/micromamba,True,"spanish, english",2002-11-03,1900-01-01 05:00:00,6,el cuarto pasajero,"action, comedy, sci-fi, documentary","guitar, coding, youtube",2,21.0
bachelor's (cs),2-4 years,3.0,MacOS,ğŸ˜,mamba/micromamba,True,"english, punjabi, hindi, urdu",2004-02-01,1900-01-01 07:00:00,6,i dont watch movies,"action, drama, sci-fi, romance",curling,4,20.0
bachelor's (statistics),1-2 years,3.0,MacOS,ğŸ˜,mamba/micromamba,True,"english, chinese, spanish",2005-02-14,1900-01-01 08:40:00,8,inception,"action, comedy, sci-fi, documentary","golf, cooking, learning",3,19.0
bachelor's (statistics),1-2 years,3.0,MacOS,ğŸ˜,mamba/micromamba,False,english,2003-04-01,1900-01-01 08:15:00,7 1/2,real steel ,"action, sci-fi, fantasy, mystery/thriller","playing video games, watching anime, working out ",1,21.0
bachelor's (cs),1-2 years,2.0,MacOS,ğŸ§,mamba/micromamba,True,"english, telugu, spanish",2002-11-25,1900-01-01 08:00:00,8,boss baby,"comedy, drama, horror, mystery/thriller, documentary","running, swimming, jumping",3,21.0
bachelor's (statistics),Less than 1 year,1.0,MacOS,ğŸ˜…,mamba/micromamba,False,"english, korean",2001-12-13,1900-01-01 05:22:00,6.5,everything everywhere all at once,documentary,"swimming, surfing, piano",2,22.0
bachelor's (economics),Less than 1 year,1.0,Windows,ğŸ§,mamba/micromamba,True,"english, spanish, bengali",2004-09-02,1900-01-01 08:40:00,4.5,interstellar,"action, horror, mystery/thriller","playing piano, chess, and soccer",3,20.0
"extension school, but not enrolled in a specific program",1-2 years,3.0,Windows,ğŸ˜…,conda,False,english,1992-02-25,1900-01-01 08:00:00,7,50 first dates,"comedy, horror, mystery/thriller","shopping, art, traveling",1,32.0
bachelor's (statistics),2-4 years,2.0,MacOS,ğŸ§,mamba/micromamba,True,"english, hebrew",2003-04-18,1900-01-01 08:00:00,6,hacksaw ridge,"action, comedy, drama, documentary","rock skipping, wikipedia, funny things",2,21.0
bachelor's (am),1-2 years,2.0,MacOS,ğŸ§,conda,False,"spanish, english",2004-03-12,1900-01-01 06:00:00,8,i don't have one,"comedy, romance","rowing, cooking, playing soccer",2,20.0
bachelor (gov),Less than 1 year,3.0,MacOS,ğŸ˜…,conda,False,"english, german",2002-11-07,1900-01-01 07:30:00,7.5,the good lie,"action, comedy, fantasy","playing soccer, reading books, running",2,21.0
bachelor's (statistics),1-2 years,3.0,MacOS,ğŸ§,venv,True,uzbek,2003-11-18,1900-01-01 07:00:00,5,idk,"comedy, horror, fantasy, mystery/thriller, romance","rock climbing, reading, walking",1,20.0
master's (ds),2-4 years,3.0,MacOS,ğŸ§,mamba/micromamba,True,chinese,2001-11-17,1900-01-01 07:00:00,7.5,breakfast at tiffany,"drama, mystery/thriller","gyming, swimming, baking",1,22.0
bachelor's (statistics),Less than 1 year,2.0,MacOS,ğŸ˜…,mamba/micromamba,True,english,2005-01-05,1900-01-01 08:00:00,6,spiderman into the spiderverse,"action, comedy, romance","cooking, golf, watching sitcoms",1,19.0
bachelor's (am),2-4 years,1.0,Windows,ğŸ§,mamba/micromamba,True,"english, mandarin",2004-02-26,1900-01-01 08:00:00,6,the dark knight,"action, comedy, drama",,2,20.0
mpp (kennedy school),Less than 1 year,1.0,Windows,ğŸ˜,mamba/micromamba,False,english,1990-08-29,1900-01-01 07:00:00,7,inception,"action, horror, mystery/thriller, documentary","photography, weightlifting, hiking",1,34.0
bachelor's (cs),Less than 1 year,1.0,MacOS,ğŸ˜…,conda,False,"vietnamese, english",2004-06-29,1900-01-01 08:00:00,6,parasite,"action, comedy, drama, mystery/thriller","making pottery, traveling, and pin collecting",2,20.0
bachelor's (cs),4+ years,3.0,MacOS,ğŸ˜,mamba/micromamba,True,"english, shanghainese",2004-06-02,1900-01-01 07:15:00,7,"love, rosie","comedy, romance","fencing, photography, ceramics",2,20.0
bachelor's (statistics),1-2 years,5.0,MacOS,ğŸ°,pipenv,True,"english, spanish",2005-01-10,1900-01-01 06:30:00,8.5,angry birds,sci-fi,"chicken dancing, bird watching, eating chicken wings",2,19.0
bachelor's (statistics),1-2 years,2.0,Windows,ğŸ˜,mamba/micromamba,False,english,2004-03-10,1900-01-01 07:15:00,7.5,django unchained,"action, comedy, drama, fantasy, mystery/thriller, romance, documentary","sewing, creative writing",1,20.0
bachelor's (cs),1-2 years,2.0,MacOS,ğŸ˜,mamba/micromamba,True,"english, french, some irish; spanish; and arabic",2005-02-19,1900-01-01 05:30:00,7,the departed,"action, comedy, drama, fantasy, mystery/thriller","playing bass, lifting weights, listening to music",3,19.0
phd,1-2 years,3.0,Windows,ğŸ§,mamba/micromamba,False,"english, vietnamese, chinese",1998-12-17,1900-01-01 08:00:00,7 hours,goblin,"drama, sci-fi, fantasy, mystery/thriller, documentary","baking, hiking, watching anime",3,25.0
bachelor's (cs),2-4 years,2.0,MacOS,ğŸ˜…,venv,False,"english, chinese",2004-03-12,1900-01-01 08:30:00,7,pitch perfect 2,"action, comedy, drama, sci-fi, mystery/thriller, romance","swimming, cooking, drinking coffee",2,20.0
bachelor's (cs),2-4 years,3.0,Windows,ğŸ˜…,mamba/micromamba,True,"english, spanish, igbo",2004-12-10,1900-01-01 07:00:00,6,remember the titans,"action, comedy, documentary","playing soccer, chess, writing",3,19.0
bachelor's (environmental science and engineering),2-4 years,3.0,MacOS,ğŸ§,mamba/micromamba,False,english,2002-09-09,1900-01-01 07:00:00,6.75,little women,,"skiing, cycling, hiking",1,22.0
bachelor's (cs),2-4 years,2.0,Windows,ğŸ˜,mamba/micromamba,False,body language,2004-02-19,1900-01-01 07:00:00,8,the grand budapest hotel/prisoners,"action, comedy, drama, horror, sci-fi, fantasy, mystery/thriller, romance, documentary","making fun of people who watch star trek, piano, movies",1,20.0
bachelor's (am),2-4 years,3.0,MacOS,ğŸ˜,mamba/micromamba,False,chinese,2004-08-24,1900-01-01 08:20:00,5,avatar (blue people),"comedy, fantasy, romance, documentary","birdwatching, hiking, eating",1,20.0
bachelor's (linguistics),1-2 years,2.0,Windows,ğŸ˜…,conda,True,"english, spanish, portuguese, french, italian, latin, korean, japanese, german, swedish",2004-10-21,1900-01-01 07:00:00,7,kiki's delivery service,"comedy, fantasy, mystery/thriller","learning languages, solving rubik's cubes, playing chess",10,19.0
bachelor's (statistics),Less than 1 year,2.0,MacOS,ğŸ˜…,mamba/micromamba,False,"english, mandarin, french",2005-01-01,1900-01-01 07:45:00,6.5-7.5,"lord of the rings, the fellowship of the ring","action, comedy, drama, sci-fi, fantasy, mystery/thriller, romance, documentary","playing clarinet, supporting tottenham fc, reading the news",3,19.0
bachelor's (am),Less than 1 year,2.0,MacOS,ğŸ˜,mamba/micromamba,True,english,2003-04-21,1900-01-01 08:00:00,8.5,good will hunting,"action, comedy, documentary","skiing, fishing, traveling ",1,21.0
bachelor's (cs),2-4 years,2.0,MacOS,ğŸ˜,mamba/micromamba,True,"english, mandarin",,,,,"comedy, drama, romance",crocheting,2,
bachelor's (cs),Less than 1 year,1.0,Windows,ğŸ˜…,mamba/micromamba,True,"english, french, italian",2024-09-11,1900-01-01 07:20:00,8,lord of the rings: fellowship of the ring,documentary,"playing oboe, photography, stop animation",3,0.0
phd,1-2 years,2.0,Windows,ğŸ§,conda,True,"english, spanish, german",1980-01-01,1900-01-01 07:00:00,7,,"comedy, sci-fi, documentary","scuba diving, running, dj",3,44.0
master's (mde),1-2 years,2.0,Windows,ğŸ˜,mamba/micromamba,True,english,1995-08-17,1900-01-01 07:00:00,7.5,the big short,"comedy, drama, sci-fi, mystery/thriller, documentary","cycling, climbing, soccer",1,29.0
bachelor (econ),Less than 1 year,2.0,MacOS,ğŸ˜…,mamba/micromamba,True,mandarin ,2002-09-15,1900-01-01 08:00:00,6-7,i don't have one ,"drama, documentary",exercising! different forms of art! organizing my google calendar!,1,21.0
bachelor's (am),1-2 years,1.0,MacOS,ğŸ˜…,mamba/micromamba,True,"english, mandarin",2004-06-04,1900-01-01 09:00:00,7 hours,oceans 9 ,"comedy, drama, mystery/thriller, romance, documentary","dance, listening to music, collecting shotglasses from travels",2,20.0
bachelor's (cs),2-4 years,3.0,MacOS,ğŸ˜,mamba/micromamba,True,"english, mandarin, spanish",2004-04-22,1900-01-01 08:30:00,7,minari,"action, comedy, romance","soccer, hiking, skiing",3,20.0
bachelor's (cs),2-4 years,2.0,MacOS,ğŸ˜,mamba/micromamba,True,"english, mandarin",2003-09-15,1900-01-01 08:30:00,6.5,interstellar,"comedy, drama, sci-fi, fantasy, mystery/thriller, romance","climbing, reading",2,20.0
mpa/id,Less than 1 year,1.0,MacOS,â˜ ï¸,mamba/micromamba,True,"english, chinese",1997-11-12,1900-01-01 08:00:00,8,lotr,fantasy,"game, badminton",2,26.0
bachelor's (economics),1-2 years,3.0,MacOS,ğŸ˜,mamba/micromamba,True,hungarian,2003-09-21,1900-01-01 08:15:00,7,now you see me,"action, comedy, drama, sci-fi, fantasy, mystery/thriller","reading, basketball, hanging out with the fam",1,20.0
bachelor's (statistics),Less than 1 year,1.0,MacOS,ğŸ˜,mamba/micromamba,True,"spanish, english ",2004-11-18,1900-01-01 08:00:00,7,peter pan: the movie ,"action, comedy, documentary","soccer, surfing, cs109a hw ",2,19.0
bachelor's (physics),2-4 years,3.0,MacOS,ğŸ˜,conda,True,"italian, spanish, english",2003-11-18,1900-01-01 06:30:00,6.5,memento,"action, comedy, sci-fi, fantasy, mystery/thriller","soccer, reading, bike touring",3,20.0
bachelor's (am),2-4 years,1.0,MacOS,ğŸ˜…,mamba/micromamba,False,"russian, english",2001-12-20,1900-01-01 08:00:00,7.5,eternal sunshine of the spotless mind,"comedy, drama, romance, documentary","reading, yoga, baking",2,22.0
master's (ds),2-4 years,3.0,MacOS,ğŸ§,mamba/micromamba,True,"english, mandarin",2001-01-22,1900-01-01 10:00:00,7.5,kung fu panda,"comedy, drama, horror, mystery/thriller","painting, skateboarding, hang out with friends",2,23.0
bachelor's (cs),2-4 years,4.0,Windows,ğŸ˜,conda,False,english chinese,2002-11-25,1900-01-01 07:30:00,8,,,,1,21.0
master's (ds),1-2 years,3.0,MacOS,ğŸ˜…,conda,False,"chinese, english",2002-05-19,1900-01-01 08:00:00,7.5,a beautiful mind,"action, comedy, drama, horror, sci-fi, fantasy, mystery/thriller, romance, documentary","jigsaw puzzle, hiphop dance, switch games",2,22.0
bachelor's (cs),4+ years,4.0,Windows,ğŸ°,mamba/micromamba,True,"english, spanish, japanese",2003-10-28,1900-01-01 07:30:00,7,star wars: revenge of the sith,"action, comedy, horror, sci-fi, mystery/thriller","gym, gambling, music reviewing",3,20.0
phd,2-4 years,3.0,MacOS,ğŸ§,mamba/micromamba,True,"english, mandarin",2002-09-29,1900-01-01 09:30:00,7-8,hidden figures,"sci-fi, fantasy","journaling, crafts, volleyball",2,21.0
bachelor's cpb + statistics (joint),1-2 years,3.0,MacOS,ğŸ˜,mamba/micromamba,False,"english, mandarin, latin",2024-09-11,1900-01-01 07:45:00,6.5,hidden figures,"action, sci-fi, fantasy, mystery/thriller","knitting, skiing, hiking",3,0.0
master's (ds),1-2 years,3.0,Windows,ğŸ˜…,mamba/micromamba,True,english,,,,,"action, sci-fi, documentary",tennis,1,
bachelor's (cs),1-2 years,3.0,MacOS,ğŸ˜,mamba/micromamba,True,"polish, english, german",2005-07-07,1900-01-01 07:30:00,6.5,lost in translation,"mystery/thriller, documentary","gym, origami, fashion",3,19.0
master's (ds),2-4 years,5.0,Windows,ğŸ˜…,other,True,"chinese, english",2002-05-26,1900-01-01 11:00:00,7,underground,"comedy, sci-fi","concert, vinyl collecting, boardgames",2,22.0
bachelor's (am),2-4 years,2.0,MacOS,ğŸ§,mamba/micromamba,True,"arabic, english, french, spanish",2005-03-12,1900-01-01 07:00:00,7,harry potter,"action, sci-fi, fantasy, mystery/thriller","sailing, reading, biking",4,19.0
bachelor's (mechanical engineering),1-2 years,3.0,MacOS,ğŸ˜,mamba/micromamba,True,english,2002-02-24,1900-01-01 07:00:00,7.5,inception,"action, comedy, sci-fi, fantasy, documentary","working out, hiking, cooking",1,22.0
master's (mde),Less than 1 year,1.0,MacOS,ğŸ§,mamba/micromamba,True,"english, python",2002-05-11,1900-01-01 07:00:00,6,kill bill,"action, comedy, sci-fi, fantasy, romance","chess, poetry, exploring ",2,22.0
bachelor's (am),1-2 years,2.0,MacOS,ğŸ˜…,other,True,spanish,2004-11-06,1900-01-01 08:00:00,7,inception,"action, comedy, sci-fi","soccer, surfing",1,19.0
bachelor's (am),1-2 years,2.0,MacOS,ğŸ§,mamba/micromamba,True,"english, afrikaans",2003-01-09,1900-01-01 08:30:00,7.5,back to the future,"comedy, sci-fi, fantasy, documentary",playing drums,2,21.0
bachelor's (statistics),1-2 years,3.0,MacOS,ğŸ˜,mamba/micromamba,True,"portuguese, english",2004-08-07,1900-01-01 07:30:00,6,,,,2,20.0
bachelor's (am),1-2 years,1.0,MacOS,ğŸ˜,mamba/micromamba,True,"english, cantonese",2003-06-10,1900-01-01 07:00:00,7,rush hour,action,playing fifa,2,21.0
bachelor's (hdrb),2-4 years,3.0,Windows,ğŸ˜,mamba/micromamba,False,"english, chinese",2003-05-14,1900-01-01 08:15:00,8,wall-e,"drama, sci-fi",,2,21.0
ms/mba,2-4 years,2.0,MacOS,â˜ ï¸,mamba/micromamba,False,mandarin,1997-05-11,1900-01-01 07:30:00,6,aa,action,basketball,1,27.0
bachelor's economics,Less than 1 year,1.0,MacOS,ğŸ˜…,mamba/micromamba,False,english,2001-10-31,1900-01-01 07:00:00,7,the green mile,"action, comedy","lacrosse, weightlifting, huge baltimore ravens fan",1,22.0
bachelor's (am),1-2 years,2.0,MacOS,ğŸ§,mamba/micromamba,False,"english, spanish, texan",2002-08-27,1900-01-01 06:30:00,6,talladega knights,"action, comedy, mystery/thriller, documentary","ice hockey, roadtrips, backpacking, rugby",3,22.0
bachelors (econ),Less than 1 year,1.0,MacOS,ğŸ˜…,mamba/micromamba,True,korean,2003-03-29,1900-01-01 08:40:00,5,eternal sunshine of the spotless mind,"action, comedy, drama, fantasy, mystery/thriller, romance","biking, singing, listening to music ",1,21.0
bachelor's (am),Less than 1 year,1.0,MacOS,ğŸ§,conda,False,"english, mandarin, spanish",2005-07-29,1900-01-01 07:10:00,6,weathering with you,"drama, horror, sci-fi, mystery/thriller, romance",,3,19.0
cbqg ms,2-4 years,3.0,Windows,ğŸ§,conda,True,"chinese, english",2002-12-15,1900-01-01 08:00:00,7,,documentary,"hiking, tasting, photography",2,21.0
bachelor's (am),Less than 1 year,1.0,MacOS,ğŸ˜…,mamba/micromamba,True,"english, chinese",2005-07-03,1900-01-01 10:00:00,7,star wars iii,"action, comedy, sci-fi","playing music, working out, trying out different restaurants",2,19.0
bachelor's (am),2-4 years,3.0,MacOS,ğŸ˜,mamba/micromamba,True,"mandarin, french",2004-05-21,1900-01-01 08:40:00,6.5,talented mr ripley,,"making art, trying new coffee and food,",2,20.0
bachelor's (am),2-4 years,3.0,Windows,ğŸ˜,mamba/micromamba,True,"english, afrikaans",2002-04-11,1900-01-01 08:00:00,7-9,harry potter,"comedy, drama, horror, mystery/thriller, romance, documentary","dance, painting, crochet",2,22.0
bachelor's (physics),Less than 1 year,1.0,MacOS,ğŸ§,i don't have a working local environment yet,False,"english, arabic, spanish",2001-11-09,1900-01-01 08:00:00,7,omar w salma,"comedy, mystery/thriller, romance, documentary","lifting (gym), biking, watching soap operas (telenovelas)",3,22.0
master's (hsph),2-4 years,2.0,Windows,ğŸ˜±,mamba/micromamba,True,"english, chinese",,,,,,,2,
master computational bio,1-2 years,2.0,MacOS,ğŸ§,mamba/micromamba,True,english,2002-06-25,1900-01-01 08:00:00,8,fly,"action, horror, fantasy","tennis, video games, basketball",1,22.0
bachelor's (am),4+ years,2.0,MacOS,ğŸ˜…,mamba/micromamba,True,"english, chinese, spanish",,,,,,,3,
master's (ds),4+ years,4.0,MacOS,ğŸ˜,mamba/micromamba,True,"english, korean",2001-12-25,1900-01-01 07:00:00,6-7,gladiator,"action, comedy, sci-fi, mystery/thriller, romance","watching movies/shows, crochet/knit, sleeping",2,22.0
bachelor's (economics),1-2 years,2.0,MacOS,ğŸ˜…,mamba/micromamba,False,english,2003-01-26,1900-01-01 09:00:00,9,memento,"action, comedy, drama, mystery/thriller, romance, documentary","running, reading, hiking",1,21.0
bachelor's (cs),Less than 1 year,1.0,MacOS,ğŸ§,mamba/micromamba,True,"serbo-croatian, german, italian",2003-10-13,1900-01-01 08:00:00,7,la vita e bella,"action, comedy","playing handball, watching documentaries, swimming",3,20.0
bachelor's (cs),1-2 years,3.0,MacOS,ğŸ§,mamba/micromamba,True,"english, chinese",2004-01-07,1900-01-01 08:30:00,6,jojo rabbit,"action, comedy, drama, sci-fi","tennis, dancing, french horn",2,20.0
bachelor's (cs),2-4 years,3.0,MacOS,ğŸ˜…,mamba/micromamba,True,kinyarwanda,,,,,,,1,
secondary cs,1-2 years,3.0,Windows,ğŸ§,pipenv,False,"english, turkish, spanish",2004-07-30,1900-01-01 08:00:00,6-8,interstellar or django unchained,"action, sci-fi","listening to music, working out, travelling",3,20.0
bachelors (integrative bio),2-4 years,2.0,MacOS,ğŸ§,mamba/micromamba,True,english,2002-05-15,1900-01-01 08:00:00,7,surf's up,"action, comedy","hiking, playing soccer, reading",1,22.0
visiting undergraduate student ,Less than 1 year,1.0,MacOS,ğŸ˜…,mamba/micromamba,True,english,,1900-01-01 09:00:00,6,starwars (all),,hiking,1,
bachelor's (cs),1-2 years,2.0,MacOS,ğŸ§,mamba/micromamba,True,"english, mandarin",2004-11-23,1900-01-01 07:00:00,6,oceans 11,mystery/thriller,"fencing, playing flute, diabolo",2,19.0
bachelor's astrophysics and physics joint degree,1-2 years,3.0,Windows,ğŸ°,conda,True,"dutch, english, german, french",2002-09-16,1900-01-01 07:30:00,8,good will hunting,"action, documentary","cycling, hiking, rowing",4,21.0
phd,2-4 years,2.0,MacOS,ğŸ§,conda,True,english,2000-04-19,1900-01-01 07:45:00,8,love actually,"action, comedy, drama, horror, sci-fi, fantasy, mystery/thriller, documentary","playing tennis, playing piano",1,24.0
bachelor's (cs),1-2 years,2.0,MacOS,ğŸ§,mamba/micromamba,True,"english, swahili",2001-09-15,1900-01-01 07:00:00,7,,"comedy, mystery/thriller","dance, binge watching tv shows",2,22.0
bachelor's (cs),2-4 years,1.0,MacOS,ğŸ˜,mamba/micromamba,True,english ,2003-08-05,1900-01-01 06:30:00,7.5,about time,"action, comedy, drama, sci-fi, fantasy, mystery/thriller, romance, documentary","basketball, coding, running",1,21.0
master's (ds),Less than 1 year,3.0,MacOS,ğŸ˜…,mamba/micromamba,False,"english, mandarian",2004-01-13,1900-01-01 07:30:00,7,spider-man: into the spider-verse,"action, fantasy","playing the piano, skateboarding, listening to music",2,20.0
bachelor's (economics),Less than 1 year,1.0,MacOS,ğŸ˜…,mamba/micromamba,True,kinyarwanda,,1900-01-01 08:00:00,8,,"action, comedy, drama, sci-fi, mystery/thriller","soccer, binging shows, dancing",1,
bachelor's (statistics),Less than 1 year,1.0,MacOS,ğŸ§,mamba/micromamba,False,english,2024-10-20,1900-01-01 08:30:00,7,dune 2,"action, comedy, drama, documentary","rowing, music - cello piano, reading",1,-1.0
bachelor's (am),Less than 1 year,1.0,Windows,ğŸ˜,mamba/micromamba,False,"english, tiny bit of spanish",2003-05-30,1900-01-01 07:00:00,8,lord of the rings,"action, horror, sci-fi, fantasy, mystery/thriller","backpacking, running, acting",2,21.0
master's (ds) [extension school],1-2 years,2.0,MacOS,ğŸ˜,mamba/micromamba,True,english chinese,1992-10-07,1900-01-01 07:30:00,8,annie hall,"comedy, documentary","tennis, painting, hiking",1,31.0
bachelor's (economics),1-2 years,1.0,MacOS,ğŸ§,mamba/micromamba,False,english,2003-03-20,1900-01-01 08:00:00,7,nerve,"drama, horror, mystery/thriller, romance","running, watching movies, trying food",1,21.0
bachelor's (cs),1-2 years,3.0,MacOS,ğŸ§,mamba/micromamba,True,"vietnamese, english",2003-09-10,1900-01-01 09:00:00,6-7,parasite,"comedy, horror, mystery/thriller","napping, going to the gym, and reading",2,21.0
phd,Less than 1 year,2.0,MacOS,ğŸ§,mamba/micromamba,False,"english, chinese, french",1997-02-26,1900-01-01 09:30:00,7.5,la la land,"comedy, fantasy, mystery/thriller, romance","chess, board games, bouldering",3,27.0
phd,1-2 years,3.0,Windows,ğŸ˜,mamba/micromamba,True,english,1997-10-05,1900-01-01 06:15:00,8,mulan,"comedy, drama, sci-fi, fantasy","cooking, running, going to concerts",1,26.0
master's (ds),4+ years,3.0,MacOS,ğŸ°,mamba/micromamba,True,english & chinese,2002-09-30,1900-01-01 07:00:00,6-7,bullet train,"action, comedy, horror, mystery/thriller","lifting, running, eating",1,21.0
bachelor's (am),2-4 years,3.0,MacOS,ğŸ§,mamba/micromamba,False,"german, slovak, russian",2001-05-03,1900-01-01 08:15:00,7,the godfather,"action, comedy, horror, sci-fi, documentary",surfing,3,23.0
bachelor's (statistics),1-2 years,2.0,MacOS,ğŸ§,mamba/micromamba,True,english ,2005-01-06,1900-01-01 14:00:00,12,long legs ,"comedy, drama, horror, sci-fi","watching tv, pandas, numpy",1,19.0
bachelor's (cs),4+ years,3.0,MacOS,ğŸ˜,mamba/micromamba,True,"french, hebrew, english",1998-09-24,1900-01-01 08:00:00,7,,"comedy, drama, romance, documentary","baking, hiking, traveling",3,25.0
bachelor's (cs),4+ years,3.0,Linux,ğŸ°,venv,True,"turkish, turkmen, german",2003-04-15,1900-01-01 08:00:00,6,la la land,"comedy, drama, fantasy, romance, documentary","running dungeons and dragons, video games, following political polls",3,21.0
bachelor's (cs),1-2 years,2.0,MacOS,ğŸ˜,mamba/micromamba,True,english,2002-02-27,1900-01-01 05:30:00,7,big hero 6,"action, fantasy","creative writing, rock climbing, video games",1,22.0
bachelor's (statistics),Less than 1 year,1.0,MacOS,ğŸ§,mamba/micromamba,True,english,2003-09-14,1900-01-01 07:00:00,6.5,the witch,"drama, horror, mystery/thriller, documentary","riding horses, baking, yoga",1,20.0
bachelor's (bme),1-2 years,2.0,MacOS,ğŸ§,mamba/micromamba,True,"english, spanish",2005-09-07,1900-01-01 08:00:00,6.5,sky high,"action, comedy, drama, sci-fi, mystery/thriller, romance","playing soccer, watching gilmore girls, eating food",2,19.0
bachelor's (cs),Less than 1 year,1.0,MacOS,ğŸ˜…,mamba/micromamba,False,"english, somali",2005-03-28,1900-01-01 08:00:00,8,la haine,"action, comedy","gym, gaming, netflix",2,19.0
bachelor's (am),1-2 years,2.0,MacOS,ğŸ˜±,mamba/micromamba,True,"mandarin, spanish",2004-08-26,1900-01-01 08:40:00,7,inception,"action, comedy, drama, horror, sci-fi, fantasy, mystery/thriller","golf, playing violin, listening to music",2,20.0
bachelor's (cs),2-4 years,3.0,MacOS,ğŸ˜,mamba/micromamba,True,english,2004-02-29,1900-01-01 09:00:00,8,3 idiots,"action, comedy, drama, horror, sci-fi, fantasy, mystery/thriller, romance, documentary","watching soccer, biking, eating pasta",1,20.0
bachelor's (am),2-4 years,4.0,MacOS,ğŸ°,conda,True,"english, spanish, korean",2005-03-30,1900-01-01 08:00:00,6,pitch perfect,"comedy, fantasy, romance","tennis, playing violin, playing ukulele",3,19.0
phd,1-2 years,2.0,Windows,ğŸ˜…,conda,True,english,,,,scooby doo 2 monsters unleashed,"comedy, drama, horror, sci-fi","laughing, having fun",1,
bachelor's (astro & applied physics),4+ years,4.0,Windows,ğŸ§,conda,False,"english, hebrew, chinese, spanish",2004-05-31,1900-01-01 08:00:00,7,hidden figures,"sci-fi, fantasy","origami, polo, baking",4,20.0
bachelor's (engineering sciences),Less than 1 year,1.0,MacOS,ğŸ§,mamba/micromamba,False,"english, polish, spanish",2003-05-23,1900-01-01 07:00:00,6,,comedy,,3,21.0
bachelor's (cs),1-2 years,3.0,MacOS,ğŸ§,mamba/micromamba,True,english,2005-10-22,1900-01-01 08:20:00,7,idk,"action, comedy, romance","coding, coding, coding",1,18.0
bachelor's (economics),Less than 1 year,1.0,MacOS,ğŸ˜…,i don't have a working local environment yet,False,"korean, english, spanish, mandarin",2004-01-31,1900-01-01 07:30:00,6,20th century girl,"comedy, drama, romance","cafe-hopping, painting, brunching",4,20.0
bachelor's (statistics),1-2 years,2.0,MacOS,ğŸ˜,conda,True,englis,2003-12-30,1900-01-01 08:30:00,7,us,comedy,"soccer, chess, video games",1,20.0
bachelor's (statistics),Less than 1 year,1.0,MacOS,ğŸ˜…,i don't have a working local environment yet,True,"english, chinese",2005-04-04,1900-01-01 09:00:00,7,,drama,"playing music, sewing, baking",2,19.0
master's (ds) [extension school],Less than 1 year,1.0,Windows,ğŸ§,conda,True,"english, urdu, arabic",2001-01-17,1900-01-01 09:30:00,8,harry potter and the prisoner of askaban,"action, comedy, sci-fi, mystery/thriller, documentary","cycling, video editing, reading",3,23.0
bachelor's (math),Less than 1 year,2.0,MacOS,ğŸ˜±,mamba/micromamba,False,english,2004-11-29,1900-01-01 08:40:00,6,whiplash,mystery/thriller,,1,19.0
bachelor's (cs),4+ years,3.0,MacOS,ğŸ˜,mamba/micromamba,True,swahili,2004-07-07,1900-01-01 08:00:00,7,big hero 6,"action, documentary",music,1,20.0
bachelor's (cs),2-4 years,3.0,Windows,ğŸ§,mamba/micromamba,True,"english, french",2005-01-01,1900-01-01 08:00:00,6,,"action, comedy, sci-fi, fantasy, romance","rock climbing, sleeping, youtube",2,19.0
,,,,,,True,tamil,2004-08-17,1900-01-01 08:00:00,8,,"action, comedy, romance","basketball, sewing, dancing",1,20.0
bachelor's (statistics),1-2 years,2.0,MacOS,ğŸ˜,mamba/micromamba,True,"english, spanish",2004-04-17,1900-01-01 07:45:00,7,lion,"comedy, drama, mystery/thriller","reading, singing, watching plays",2,20.0
bachelor's (statistics),1-2 years,2.0,MacOS,ğŸ˜…,mamba/micromamba,True,english,2005-01-12,1900-01-01 08:15:00,8.75,dead poets society,"action, drama, sci-fi","photography, literature, skateboarding",1,19.0
ms/mba,4+ years,2.0,MacOS,ğŸ˜,mamba/micromamba,True,"chinese, english, bad french",2002-10-18,1900-01-01 08:00:00,8,annihilation,"horror, sci-fi","muaythai, dinosaurs, oil painting",3,21.0
bachelor's (cs),1-2 years,1.0,Windows,ğŸ°,i don't have a working local environment yet,True,english,2002-02-16,1900-01-01 08:00:00,7,arrival,"action, sci-fi, mystery/thriller","basketball, lift, read",1,22.0
bachelor's (cs),2-4 years,1.0,MacOS,ğŸ˜…,i don't have a working local environment yet,True,"english, chinese, spanish",,,,,,,3,
bachelor's (statistics),4+ years,4.0,MacOS,ğŸ°,conda,False,"spanish, lamonz",2004-03-30,1900-01-01 08:34:00,8.5,interstellar,"action, comedy, sci-fi, fantasy, documentary","saxophone, soccer, eating blueberries",2,20.0
bachelor's (statistics),1-2 years,2.0,Windows,ğŸ§,mamba/micromamba,False,"english, spanish, tamil",2004-10-18,1900-01-01 08:00:00,7,parasite,"drama, sci-fi, documentary","playing trumpet, birdwatching, hiking",3,19.0
bachelor's (chemistry),1-2 years,3.0,MacOS,ğŸ˜,mamba/micromamba,True,"arabic, english",2003-01-06,1900-01-01 08:00:00,7,divergent,"comedy, sci-fi",,2,21.0
bachelor's (statistics),Less than 1 year,2.0,MacOS,ğŸ˜,mamba/micromamba,True,"chinese, english",2003-12-17,1900-01-01 12:00:00,4,interstellar,"action, comedy, horror, mystery/thriller, romance",,2,20.0
bachelor's (cs),4+ years,2.0,Windows,ğŸ˜,conda,True,english,2003-04-02,1900-01-01 11:00:00,8,your name,"action, comedy, drama, sci-fi, mystery/thriller","tennis, games, swim",1,21.0
bachelor's (cs),1-2 years,3.0,MacOS,ğŸ˜,venv,True,spanish,2004-04-09,1900-01-01 09:00:00,5,deadpool,comedy,"volleyball, gaming, reading",1,20.0
master's (mbi),Less than 1 year,2.0,MacOS,ğŸ˜,mamba/micromamba,True,english,1991-05-29,1900-01-01 06:00:00,7,the big short,"action, comedy, drama, mystery/thriller","video games, skiing, boating",1,33.0
bachelor's (cs),1-2 years,2.0,Windows,ğŸ§,i don't have a working local environment yet,True,"english, afrikaans",2003-08-28,1900-01-01 08:00:00,6,the coherence,"action, comedy, horror, sci-fi, mystery/thriller","playing pool, table tennis, writing poetry",2,21.0
master's (ds) [extension school],4+ years,3.0,Windows,ğŸ§,mamba/micromamba,True,python & r,1996-07-27,1900-01-01 07:00:00,7.5,,"comedy, drama, romance","workout, cooking, watching drama",1,28.0
graduate certificate [extension school],Less than 1 year,1.0,Windows,ğŸ§,mamba/micromamba,True,"english (2nd language but native fluency), spanish (native speaker), portuguese (working level)",1974-05-12,1900-01-01 07:00:00,8,pulp fiction,"action, drama, sci-fi, fantasy, mystery/thriller, romance, documentary","kayaking, skiing, pickleball",3,50.0
bachelor's (am),1-2 years,3.0,MacOS,ğŸ§,mamba/micromamba,True,"english, chinese, a bit of spanish, python",2003-10-31,1900-01-01 09:00:00,7,napolean dynamite,"comedy, sci-fi, fantasy, documentary","scootering, arts&crafts, pokemongo",4,20.0
master's (ds) [extension school],Less than 1 year,2.0,Windows,ğŸ§,conda,False,"english, spanish, some french",1983-12-11,1900-01-01 08:00:00,8-9,i've been re-watching zero dark thirty lately,"action, drama, mystery/thriller, documentary","board games, reading with my kids, walks with my husband",3,40.0
bachelor's (am),1-2 years,2.0,MacOS,ğŸ§,conda,True,"english, arabic",2003-02-06,1900-01-01 08:00:00,8 hours,whiplash,"action, comedy","soccer, weightlifting, traveling",2,21.0
master's (ds) [extension school],4+ years,2.0,Linux,ğŸ°,mamba/micromamba,True,english,1994-03-05,1900-01-01 07:15:00,8,scott pilgrim vs the world,"comedy, sci-fi","golf,golf,golf",1,30.0
master's (ds) [extension school],1-2 years,3.0,MacOS,ğŸ§,mamba/micromamba,True,thai,,,,,,,1,
master's (ds) [extension school],4+ years,3.0,Windows,ğŸ˜…,conda,True,"english, mandarin, taiwanese",1993-02-06,1900-01-01 09:30:00,8,,"action, comedy, sci-fi, documentary","watching movies, playing basketball, inde music ",3,31.0
bachelor's (cs),Less than 1 year,1.0,MacOS,ğŸ˜±,mamba/micromamba,True,"english, partially arabic, partially spanish",2004-09-02,1900-01-01 09:00:00,6,interstellar,"comedy, sci-fi, mystery/thriller, romance, documentary","basketball, tennis, drawing",3,20.0
planning for ms in data science,4+ years,3.0,Windows,ğŸ§,other,True,"english, urdu, punjabi",1981-07-21,1900-01-01 06:00:00,7,3 idiots,"comedy, sci-fi, documentary","chess, photography, reading",3,43.0
bachelor's (cs),1-2 years,4.0,Windows,ğŸ§,mamba/micromamba,False,english,2005-07-01,1900-01-01 08:00:00,7 hours 30 minutes,tenet,"action, sci-fi, mystery/thriller","playing basketball, listening to music, trying new foods",1,19.0
bachelor's (cs),1-2 years,1.0,MacOS,ğŸ˜…,mamba/micromamba,True,english,2002-10-24,1900-01-01 08:00:00,7,ratatouille,"action, comedy, drama","eating, sleeping, drinking",1,21.0
master's (ds),1-2 years,3.0,MacOS,ğŸ˜…,i don't have a working local environment yet,False,"english, kiswahili, kikuyu",1999-12-29,1900-01-01 08:00:00,7,the proposal,"comedy, romance","swimming, reading, hiking, cooking, baking",3,24.0
